2025-11-18 21:57:02,122 [INFO] Activator:176 - 


2025-11-18 21:57:02,133 [INFO] Activator:177 - !SESSION log4j initialized
2025-11-18 21:57:08,722 [INFO] LogOutputStream:77 - [STDOUT_REDIRECT] 
2025-11-18 21:57:09,925 [INFO] ApplicationProperties:184 - Using Application install path: C:\ST\STM32CubeIDE_1.19.0\STM32CubeIDE\plugins\com.st.stm32cube.common.mx_6.15.0.202507011659
2025-11-18 21:57:09,946 [INFO] DbMcusXml:78 - Set database path to: C:\ST\STM32CubeIDE_1.19.0\STM32CubeIDE\plugins\com.st.stm32cube.common.mx_6.15.0.202507011659\\db\/mcu/
2025-11-18 21:57:09,946 [INFO] ApiDb:274 - Set plugin database path to: C:\ST\STM32CubeIDE_1.19.0\STM32CubeIDE\plugins\com.st.stm32cube.common.mx_6.15.0.202507011659\\db\/plugins/boardmanager/
2025-11-18 21:57:09,947 [WARN] ApiDb:259 - Overriding images path with different value:  => C:\ST\STM32CubeIDE_1.19.0\STM32CubeIDE\plugins\com.st.stm32cube.common.mx_6.15.0.202507011659\\db\/plugins/mcufinder/images/
2025-11-18 21:57:09,955 [INFO] ApiDb:250 - Set database path to: C:\Users\KICHU\.stmcufinder\plugins\mcufinder//mcu/
2025-11-18 21:57:09,956 [INFO] DbMcusAds:125 - Set database path to: C:\Users\KICHU\.stmcufinder\plugins\mcufinder//mcu/
2025-11-18 21:57:09,959 [INFO] CrossReferenceDbSqlite:203 - Set database path to: C:\Users\KICHU\.stmcufinder\plugins\mcufinder//mcu/cs/
2025-11-18 21:57:10,125 [INFO] RulesReader:64 - Compatibility file has been processed (317 Rules)
2025-11-18 21:57:10,221 [INFO] DbMcusXml:78 - Set database path to: C:\ST\STM32CubeIDE_1.19.0\STM32CubeIDE\plugins\com.st.stm32cube.common.mx_6.15.0.202507011659\\db\/mcu/
2025-11-18 21:57:10,221 [INFO] ApiDb:274 - Set plugin database path to: C:\ST\STM32CubeIDE_1.19.0\STM32CubeIDE\plugins\com.st.stm32cube.common.mx_6.15.0.202507011659\\db\/plugins/boardmanager/
2025-11-18 21:57:10,221 [INFO] ApiDb:261 - Set plugin images path to: C:\ST\STM32CubeIDE_1.19.0\STM32CubeIDE\plugins\com.st.stm32cube.common.mx_6.15.0.202507011659\\db\/plugins/mcufinder/images/
2025-11-18 21:57:10,222 [WARN] DbFile:41 - Overriding database path with different value: C:\Users\KICHU\.stmcufinder\plugins\mcufinder/ => C:\Users\KICHU\.stmcufinder\plugins\mcufinder
2025-11-18 21:57:10,222 [INFO] ApiDb:250 - Set database path to: C:\Users\KICHU\.stmcufinder\plugins\mcufinder//mcu/
2025-11-18 21:57:10,222 [WARN] DbFile:41 - Overriding database path with different value: C:\Users\KICHU\.stmcufinder\plugins\mcufinder/ => C:\Users\KICHU\.stmcufinder\plugins\mcufinder
2025-11-18 21:57:10,222 [INFO] DbMcusAds:125 - Set database path to: C:\Users\KICHU\.stmcufinder\plugins\mcufinder//mcu/
2025-11-18 21:57:10,222 [WARN] DbFile:41 - Overriding database path with different value: C:\Users\KICHU\.stmcufinder\plugins\mcufinder/ => C:\Users\KICHU\.stmcufinder\plugins\mcufinder
2025-11-18 21:57:10,222 [WARN] DbFile:41 - Overriding database path with different value: C:\Users\KICHU\.stmcufinder\plugins\mcufinder/ => C:\Users\KICHU\.stmcufinder\plugins\mcufinder
2025-11-18 21:57:10,223 [INFO] CrossReferenceDbSqlite:203 - Set database path to: C:\Users\KICHU\.stmcufinder\plugins\mcufinder//mcu/cs/
2025-11-18 21:57:10,313 [INFO] MainPanel:274 - HeapMemory: 268435456
2025-11-18 21:57:10,425 [INFO] DbMcusXml:78 - Set database path to: C:\ST\STM32CubeIDE_1.19.0\STM32CubeIDE\plugins\com.st.stm32cube.common.mx_6.15.0.202507011659\\db\/mcu/
2025-11-18 21:57:10,426 [INFO] ApiDb:274 - Set plugin database path to: C:\ST\STM32CubeIDE_1.19.0\STM32CubeIDE\plugins\com.st.stm32cube.common.mx_6.15.0.202507011659\\db\/plugins/boardmanager/
2025-11-18 21:57:10,426 [INFO] ApiDb:261 - Set plugin images path to: C:\ST\STM32CubeIDE_1.19.0\STM32CubeIDE\plugins\com.st.stm32cube.common.mx_6.15.0.202507011659\\db\/plugins/mcufinder/images/
2025-11-18 21:57:10,426 [WARN] DbFile:41 - Overriding database path with different value: C:\Users\KICHU\.stmcufinder\plugins\mcufinder/ => C:\Users\KICHU\.stmcufinder\plugins\mcufinder
2025-11-18 21:57:10,426 [INFO] ApiDb:250 - Set database path to: C:\Users\KICHU\.stmcufinder\plugins\mcufinder//mcu/
2025-11-18 21:57:10,426 [WARN] DbFile:41 - Overriding database path with different value: C:\Users\KICHU\.stmcufinder\plugins\mcufinder/ => C:\Users\KICHU\.stmcufinder\plugins\mcufinder
2025-11-18 21:57:10,427 [INFO] DbMcusAds:125 - Set database path to: C:\Users\KICHU\.stmcufinder\plugins\mcufinder//mcu/
2025-11-18 21:57:10,427 [WARN] DbFile:41 - Overriding database path with different value: C:\Users\KICHU\.stmcufinder\plugins\mcufinder/ => C:\Users\KICHU\.stmcufinder\plugins\mcufinder
2025-11-18 21:57:10,427 [WARN] DbFile:41 - Overriding database path with different value: C:\Users\KICHU\.stmcufinder\plugins\mcufinder/ => C:\Users\KICHU\.stmcufinder\plugins\mcufinder
2025-11-18 21:57:10,427 [INFO] CrossReferenceDbSqlite:203 - Set database path to: C:\Users\KICHU\.stmcufinder\plugins\mcufinder//mcu/cs/
2025-11-18 21:57:10,445 [INFO] ApplicationProperties:184 - Using Application install path: C:\ST\STM32CubeIDE_1.19.0\STM32CubeIDE\plugins\com.st.stm32cube.common.mx_6.15.0.202507011659
2025-11-18 21:57:10,447 [INFO] PluginManage:196 - Search for loadable plugins [exclusion list=, ]
2025-11-18 21:57:10,448 [INFO] PluginManage:310 - Check plugin analytics
2025-11-18 21:57:10,657 [INFO] AnalyticsPlugin:253 - Accepted Software Licenses: 
2025-11-18 21:57:10,657 [INFO] AnalyticsPlugin:255 - Accepted CMSIS Pack Licenses: 
2025-11-18 21:57:10,657 [INFO] AnalyticsPlugin:257 - Accepted Firmware Licenses: 
2025-11-18 21:57:10,660 [INFO] PluginManage:359 - Loaded plugin analytics (category:tool,tabindex:-1)
2025-11-18 21:57:10,660 [INFO] PluginManage:310 - Check plugin cadmodel
2025-11-18 21:57:10,667 [INFO] CADModel:105 - Init CAD model plugin
2025-11-18 21:57:10,668 [INFO] PluginManage:359 - Loaded plugin cadmodel (category:power,tabindex:5)
2025-11-18 21:57:10,668 [INFO] PluginManage:310 - Check plugin clock
2025-11-18 21:57:10,682 [INFO] PluginManage:359 - Loaded plugin clock (category:base,tabindex:2)
2025-11-18 21:57:10,682 [INFO] PluginManage:310 - Check plugin ddr
2025-11-18 21:57:10,686 [INFO] PluginManage:359 - Loaded plugin ddr (category:tool,tabindex:6)
2025-11-18 21:57:10,687 [INFO] PluginManage:310 - Check plugin filemanager
2025-11-18 21:57:10,894 [INFO] PluginManage:359 - Loaded plugin filemanager (category:base,tabindex:10)
2025-11-18 21:57:10,894 [INFO] PluginManage:310 - Check plugin ipmanager
2025-11-18 21:57:10,904 [INFO] PluginManage:359 - Loaded plugin ipmanager (category:base,tabindex:5)
2025-11-18 21:57:10,904 [INFO] PluginManage:310 - Check plugin lpbam
2025-11-18 21:57:10,918 [INFO] PluginManage:359 - Loaded plugin lpbam (category:base,tabindex:0)
2025-11-18 21:57:10,919 [INFO] PluginManage:310 - Check plugin memorymap
2025-11-18 21:57:10,937 [INFO] PluginManage:359 - Loaded plugin memorymap (category:base,tabindex:4)
2025-11-18 21:57:10,937 [INFO] PluginManage:310 - Check plugin pinoutandconfiguration
2025-11-18 21:57:10,948 [INFO] PluginManage:359 - Loaded plugin pinoutandconfiguration (category:base,tabindex:1)
2025-11-18 21:57:10,948 [INFO] PluginManage:310 - Check plugin pinoutconfig
2025-11-18 21:57:11,099 [WARN] SupportedApi:132 - Cannot load RTOS API schema: s4s-elt-must-match.1: The content of 'definitions' must match (annotation?, (simpleType | complexType)?, (unique | key | keyref)*)). A problem was found starting at: attribute.
2025-11-18 21:57:11,314 [INFO] PluginManage:359 - Loaded plugin pinoutconfig (category:base,tabindex:0)
2025-11-18 21:57:11,315 [INFO] PluginManage:310 - Check plugin power
2025-11-18 21:57:11,329 [INFO] PluginManage:359 - Loaded plugin power (category:power,tabindex:4)
2025-11-18 21:57:11,329 [INFO] PluginManage:310 - Check plugin projectmanager
2025-11-18 21:57:11,355 [INFO] PluginManage:359 - Loaded plugin projectmanager (category:projectmanager,tabindex:4)
2025-11-18 21:57:11,355 [INFO] PluginManage:310 - Check plugin rif
2025-11-18 21:57:11,370 [INFO] PluginManage:359 - Loaded plugin rif (category:base,tabindex:3)
2025-11-18 21:57:11,370 [INFO] PluginManage:310 - Check plugin thirdparty
2025-11-18 21:57:11,545 [INFO] PluginManage:359 - Loaded plugin thirdparty (category:base,tabindex:-1)
2025-11-18 21:57:11,545 [WARN] IntegrityCheckThread:84 - waiting for thirdparty lock release [integrity check]
2025-11-18 21:57:11,546 [INFO] PluginManage:310 - Check plugin tools
2025-11-18 21:57:11,546 [INFO] IntegrityCheckThread:86 - entering critical section [integrity check]
2025-11-18 21:57:11,546 [INFO] ThirdPartyUpdaterWithRetryManager:70 - Updater plugin not ready yet. [1/15]
2025-11-18 21:57:11,548 [INFO] PluginManage:359 - Loaded plugin tools (category:base,tabindex:7)
2025-11-18 21:57:11,548 [INFO] PluginManage:310 - Check plugin tutovideos
2025-11-18 21:57:11,918 [INFO] PluginManage:359 - Loaded plugin tutovideos (category:base,tabindex:-1)
2025-11-18 21:57:11,919 [INFO] PluginManage:310 - Check plugin updater
2025-11-18 21:57:11,947 [INFO] PluginManage:359 - Loaded plugin updater (category:base,tabindex:12)
2025-11-18 21:57:11,947 [INFO] PluginManage:310 - Check plugin userauth
2025-11-18 21:57:11,952 [INFO] UserAuth:118 - Init User Auth plugin
2025-11-18 21:57:11,953 [INFO] PluginManage:359 - Loaded plugin userauth (category:base,tabindex:14)
2025-11-18 21:57:11,954 [INFO] PluginManage:283 - PluginManage : Loaded plugins [18]
2025-11-18 21:57:12,245 [INFO] PinOutPanel:1589 - setPackage(No Configuration,No Configuration)
2025-11-18 21:57:12,340 [INFO] CADModel:165 - CPN selected for project level
2025-11-18 21:57:12,340 [INFO] CADModel:114 - Register for checkConnection events
2025-11-18 21:57:12,361 [INFO] IPUIPlugin:80 - create IPUIPlugin
2025-11-18 21:57:12,361 [INFO] PluginManager:220 - loadIPPluginJar : add adc
2025-11-18 21:57:12,364 [INFO] IPUIPlugin:80 - create IPUIPlugin
2025-11-18 21:57:12,365 [INFO] PluginManager:220 - loadIPPluginJar : add aes
2025-11-18 21:57:12,369 [INFO] IPUIPlugin:80 - create IPUIPlugin
2025-11-18 21:57:12,369 [INFO] PluginManager:220 - loadIPPluginJar : add can
2025-11-18 21:57:12,371 [INFO] IPUIPlugin:80 - create IPUIPlugin
2025-11-18 21:57:12,372 [INFO] PluginManager:220 - loadIPPluginJar : add comp
2025-11-18 21:57:12,376 [INFO] IPUIPlugin:80 - create IPUIPlugin
2025-11-18 21:57:12,376 [INFO] PluginManager:220 - loadIPPluginJar : add cryp
2025-11-18 21:57:12,381 [INFO] IPUIPlugin:80 - create IPUIPlugin
2025-11-18 21:57:12,381 [INFO] PluginManager:220 - loadIPPluginJar : add ddr_ctrl_phy
2025-11-18 21:57:12,383 [INFO] IPUIPlugin:80 - create IPUIPlugin
2025-11-18 21:57:12,384 [INFO] PluginManager:220 - loadIPPluginJar : add dfsdm
2025-11-18 21:57:12,389 [INFO] IPUIPlugin:80 - create IPUIPlugin
2025-11-18 21:57:12,389 [INFO] PluginManager:220 - loadIPPluginJar : add dma
2025-11-18 21:57:12,392 [INFO] IPUIPlugin:80 - create IPUIPlugin
2025-11-18 21:57:12,392 [INFO] PluginManager:220 - loadIPPluginJar : add dma3
2025-11-18 21:57:12,396 [INFO] IPUIPlugin:80 - create IPUIPlugin
2025-11-18 21:57:12,396 [INFO] PluginManager:220 - loadIPPluginJar : add extmemmanager
2025-11-18 21:57:12,397 [INFO] IPUIPlugin:80 - create IPUIPlugin
2025-11-18 21:57:12,397 [INFO] PluginManager:220 - loadIPPluginJar : add fatfs
2025-11-18 21:57:12,403 [INFO] IPUIPlugin:80 - create IPUIPlugin
2025-11-18 21:57:12,404 [INFO] PluginManager:220 - loadIPPluginJar : add fmc
2025-11-18 21:57:12,410 [INFO] IPUIPlugin:80 - create IPUIPlugin
2025-11-18 21:57:12,411 [INFO] PluginManager:220 - loadIPPluginJar : add freertos
2025-11-18 21:57:12,412 [INFO] IPUIPlugin:80 - create IPUIPlugin
2025-11-18 21:57:12,412 [INFO] PluginManager:220 - loadIPPluginJar : add genericplugin
2025-11-18 21:57:12,414 [INFO] IPUIPlugin:80 - create IPUIPlugin
2025-11-18 21:57:12,414 [INFO] PluginManager:220 - loadIPPluginJar : add gfxmmu
2025-11-18 21:57:12,419 [INFO] IPUIPlugin:80 - create IPUIPlugin
2025-11-18 21:57:12,419 [INFO] PluginManager:220 - loadIPPluginJar : add gic
2025-11-18 21:57:12,423 [INFO] IPUIPlugin:80 - create IPUIPlugin
2025-11-18 21:57:12,423 [INFO] PluginManager:220 - loadIPPluginJar : add gpio
2025-11-18 21:57:12,426 [INFO] IPUIPlugin:80 - create IPUIPlugin
2025-11-18 21:57:12,426 [INFO] PluginManager:220 - loadIPPluginJar : add gtzc
2025-11-18 21:57:12,430 [INFO] IPUIPlugin:80 - create IPUIPlugin
2025-11-18 21:57:12,430 [INFO] PluginManager:220 - loadIPPluginJar : add hash
2025-11-18 21:57:12,433 [INFO] IPUIPlugin:80 - create IPUIPlugin
2025-11-18 21:57:12,433 [INFO] PluginManager:220 - loadIPPluginJar : add i2c
2025-11-18 21:57:12,438 [INFO] IPUIPlugin:80 - create IPUIPlugin
2025-11-18 21:57:12,438 [INFO] PluginManager:220 - loadIPPluginJar : add i2s
2025-11-18 21:57:12,442 [INFO] IPUIPlugin:80 - create IPUIPlugin
2025-11-18 21:57:12,442 [INFO] PluginManager:220 - loadIPPluginJar : add i3c
2025-11-18 21:57:12,445 [INFO] IPUIPlugin:80 - create IPUIPlugin
2025-11-18 21:57:12,445 [INFO] PluginManager:220 - loadIPPluginJar : add ipddr
2025-11-18 21:57:12,452 [INFO] IPUIPlugin:80 - create IPUIPlugin
2025-11-18 21:57:12,452 [INFO] PluginManager:220 - loadIPPluginJar : add linkedlist
2025-11-18 21:57:12,456 [INFO] IPUIPlugin:80 - create IPUIPlugin
2025-11-18 21:57:12,456 [INFO] PluginManager:220 - loadIPPluginJar : add lorawan
2025-11-18 21:57:12,457 [INFO] IPUIPlugin:80 - create IPUIPlugin
2025-11-18 21:57:12,457 [INFO] PluginManager:220 - loadIPPluginJar : add ltdc
2025-11-18 21:57:12,464 [INFO] IPUIPlugin:80 - create IPUIPlugin
2025-11-18 21:57:12,464 [INFO] PluginManager:220 - loadIPPluginJar : add mdma
2025-11-18 21:57:12,467 [INFO] IPUIPlugin:80 - create IPUIPlugin
2025-11-18 21:57:12,467 [INFO] PluginManager:220 - loadIPPluginJar : add nvic
2025-11-18 21:57:12,473 [INFO] IPUIPlugin:80 - create IPUIPlugin
2025-11-18 21:57:12,473 [INFO] PluginManager:220 - loadIPPluginJar : add opamp
2025-11-18 21:57:12,476 [INFO] IPUIPlugin:80 - create IPUIPlugin
2025-11-18 21:57:12,477 [INFO] PluginManager:220 - loadIPPluginJar : add openamp
2025-11-18 21:57:12,481 [INFO] IPUIPlugin:80 - create IPUIPlugin
2025-11-18 21:57:12,481 [INFO] PluginManager:220 - loadIPPluginJar : add pdm2pcm
2025-11-18 21:57:12,487 [INFO] IPUIPlugin:80 - create IPUIPlugin
2025-11-18 21:57:12,490 [INFO] PluginManager:220 - loadIPPluginJar : add plateformsettings
2025-11-18 21:57:12,492 [INFO] IPUIPlugin:80 - create IPUIPlugin
2025-11-18 21:57:12,492 [INFO] PluginManager:220 - loadIPPluginJar : add quadspi
2025-11-18 21:57:12,493 [INFO] IPUIPlugin:80 - create IPUIPlugin
2025-11-18 21:57:12,494 [INFO] PluginManager:220 - loadIPPluginJar : add radio
2025-11-18 21:57:12,498 [INFO] IPUIPlugin:80 - create IPUIPlugin
2025-11-18 21:57:12,498 [INFO] PluginManager:220 - loadIPPluginJar : add resmgrutility
2025-11-18 21:57:12,502 [INFO] IPUIPlugin:80 - create IPUIPlugin
2025-11-18 21:57:12,502 [INFO] PluginManager:220 - loadIPPluginJar : add sai
2025-11-18 21:57:12,505 [INFO] IPUIPlugin:80 - create IPUIPlugin
2025-11-18 21:57:12,505 [INFO] PluginManager:220 - loadIPPluginJar : add spi
2025-11-18 21:57:12,512 [INFO] IPUIPlugin:80 - create IPUIPlugin
2025-11-18 21:57:12,512 [INFO] PluginManager:220 - loadIPPluginJar : add stm32_wpan
2025-11-18 21:57:12,514 [INFO] IPUIPlugin:80 - create IPUIPlugin
2025-11-18 21:57:12,514 [INFO] PluginManager:220 - loadIPPluginJar : add tim
2025-11-18 21:57:12,518 [INFO] IPUIPlugin:80 - create IPUIPlugin
2025-11-18 21:57:12,518 [INFO] PluginManager:220 - loadIPPluginJar : add touchsensing
2025-11-18 21:57:12,520 [INFO] IPUIPlugin:80 - create IPUIPlugin
2025-11-18 21:57:12,520 [INFO] PluginManager:220 - loadIPPluginJar : add tracer_emb
2025-11-18 21:57:12,523 [INFO] IPUIPlugin:80 - create IPUIPlugin
2025-11-18 21:57:12,523 [INFO] PluginManager:220 - loadIPPluginJar : add ts
2025-11-18 21:57:12,527 [INFO] IPUIPlugin:80 - create IPUIPlugin
2025-11-18 21:57:12,527 [INFO] PluginManager:220 - loadIPPluginJar : add tsc
2025-11-18 21:57:12,530 [INFO] IPUIPlugin:80 - create IPUIPlugin
2025-11-18 21:57:12,530 [INFO] PluginManager:220 - loadIPPluginJar : add ucpd
2025-11-18 21:57:12,536 [INFO] IPUIPlugin:80 - create IPUIPlugin
2025-11-18 21:57:12,536 [INFO] PluginManager:220 - loadIPPluginJar : add usart
2025-11-18 21:57:12,543 [INFO] IPUIPlugin:80 - create IPUIPlugin
2025-11-18 21:57:12,543 [INFO] PluginManager:220 - loadIPPluginJar : add usbx
2025-11-18 21:57:12,716 [FATAL] Updater:351 - Updater called before beeing initialized
2025-11-18 21:57:12,776 [INFO] RulesReader:64 - Compatibility file has been processed (317 Rules)
2025-11-18 21:57:12,799 [INFO] RulesReader:64 - Compatibility file has been processed (317 Rules)
2025-11-18 21:57:12,818 [INFO] CADModel:165 - CPN selected for project level
2025-11-18 21:57:12,818 [INFO] CADModel:114 - Register for checkConnection events
2025-11-18 21:57:12,819 [FATAL] Updater:351 - Updater called before beeing initialized
2025-11-18 21:57:12,820 [ERROR] CADModel:125 - Updater not yet initialized, retry later 
2025-11-18 21:57:13,012 [FATAL] Updater:351 - Updater called before beeing initialized
2025-11-18 21:57:13,014 [INFO] CADModel:165 - CPN selected for project level
2025-11-18 21:57:13,014 [INFO] CADModel:114 - Register for checkConnection events
2025-11-18 21:57:13,014 [FATAL] Updater:351 - Updater called before beeing initialized
2025-11-18 21:57:13,015 [ERROR] CADModel:125 - Updater not yet initialized, retry later 
2025-11-18 21:57:13,018 [FATAL] Updater:351 - Updater called before beeing initialized
2025-11-18 21:57:13,132 [FATAL] Updater:351 - Updater called before beeing initialized
2025-11-18 21:57:13,138 [INFO] DbMcusAds:53 - JSON generation date=Mon Nov 10 16:13:01 IST 2025 (1762771381096)
2025-11-18 21:57:13,138 [FATAL] Updater:351 - Updater called before beeing initialized
2025-11-18 21:57:13,181 [WARN] DetailPanel:346 - Failed to get advertising image, set to default
2025-11-18 21:57:13,273 [FATAL] Updater:351 - Updater called before beeing initialized
2025-11-18 21:57:13,275 [FATAL] Updater:351 - Updater called before beeing initialized
2025-11-18 21:57:13,275 [FATAL] Updater:351 - Updater called before beeing initialized
2025-11-18 21:57:13,275 [WARN] DetailPanel:346 - Failed to get advertising image, set to default
2025-11-18 21:57:13,276 [FATAL] Updater:351 - Updater called before beeing initialized
2025-11-18 21:57:13,322 [ERROR] Updater:1198 - MainUpdater not yet initialized. External WinMGr cannot be set.
2025-11-18 21:57:13,324 [INFO] Updater:1134 - Updater Version found : 6.15.0
2025-11-18 21:57:13,345 [INFO] ApplicationProperties:184 - Using Application install path: C:\ST\STM32CubeIDE_1.19.0\STM32CubeIDE\plugins\com.st.stm32cube.common.mx_6.15.0.202507011659
2025-11-18 21:57:14,549 [INFO] ThirdPartyUpdaterWithRetryManager:70 - Updater plugin not ready yet. [2/15]
2025-11-18 21:57:14,916 [ERROR] LogOutputStream:75 - [STDERR_REDIRECT] Nov 18, 2025 9:57:14 PM java.util.prefs.WindowsPreferences <init>
2025-11-18 21:57:14,917 [ERROR] LogOutputStream:75 - [STDERR_REDIRECT] WARNING: Could not open/create prefs root node Software\JavaSoft\Prefs at root 0xffffffff80000002. Windows RegCreateKeyEx(...) returned error code 5.
2025-11-18 21:57:14,917 [ERROR] LogOutputStream:75 - [STDERR_REDIRECT] 
2025-11-18 21:57:15,494 [INFO] MainUpdater:2872 - connection check result : 10
2025-11-18 21:57:15,495 [INFO] MainUpdater:289 - Updater Check For Update Now.
2025-11-18 21:57:15,495 [INFO] MicroXplorer:498 - Change Database Version : DB.6.0.150
2025-11-18 21:57:15,509 [INFO] McuFinderGlobals:63 - Set McuFinder mode to 2 (CubeIDE integrated)
2025-11-18 21:57:15,509 [INFO] UserAuth:171 - activating auth plugin
2025-11-18 21:57:15,515 [INFO] UserAuth:487 - Internet connection configuration mode: 1
2025-11-18 21:57:15,550 [INFO] JxBrowserEngine:152 - Initiate JxBrowser Engine with user profile folder
2025-11-18 21:57:15,715 [INFO] CheckServerUpdateThread:120 - End of CheckServer Thread
2025-11-18 21:57:16,564 [INFO] WebApp:169 - Instantiating new browser for Auth
2025-11-18 21:57:17,496 [INFO] WebApp:463 - Apply proxy settings
2025-11-18 21:57:17,497 [INFO] WebApp:548 - Chromium requires no authentication
2025-11-18 21:57:17,518 [INFO] WebApp:491 - Direct internet connection detected
2025-11-18 21:57:17,562 [INFO] WebApp:900 - Register for checkConnection events
2025-11-18 21:57:17,562 [INFO] WebApp:463 - Apply proxy settings
2025-11-18 21:57:17,562 [INFO] WebApp:548 - Chromium requires no authentication
2025-11-18 21:57:17,563 [INFO] WebApp:491 - Direct internet connection detected
2025-11-18 21:57:17,902 [WARN] PackLoader:240 - Cannot read IP mode file for STMicroelectronics.FP-SNS-MOTENVWB1.1.4.0
2025-11-18 21:57:17,907 [INFO] WebApp:225 - Starting web application
2025-11-18 21:57:17,908 [INFO] WebApp:593 - Web application path used C:\ST\STM32CubeIDE_1.19.0\STM32CubeIDE\plugins\com.st.stm32cube.common.mx_6.15.0.202507011659\db\plugins\mcufinder\reactClient1\index.html
2025-11-18 21:57:17,919 [WARN] PackLoader:240 - Cannot read IP mode file for STMicroelectronics.FP-ATR-ASTRA1.2.0.2
2025-11-18 21:57:17,936 [WARN] PackLoader:240 - Cannot read IP mode file for STMicroelectronics.X-CUBE-SMBUS.2.1.0
2025-11-18 21:57:17,947 [WARN] PackLoader:240 - Cannot read IP mode file for STMicroelectronics.X-CUBE-ST60.1.0.0
2025-11-18 21:57:18,007 [INFO] WebApp:191 - Connection restablished
2025-11-18 21:57:18,008 [WARN] PackLoader:240 - Cannot read IP mode file for STMicroelectronics.X-CUBE-AZRTOS-F7.1.1.0
2025-11-18 21:57:18,024 [WARN] PackLoader:240 - Cannot read IP mode file for Cesanta.I-CUBE-Mongoose.7.19.0
2025-11-18 21:57:18,034 [WARN] PackLoader:240 - Cannot read IP mode file for STMicroelectronics.FP-SNS-MOTENV1.5.1.0
2025-11-18 21:57:18,056 [WARN] PackLoader:240 - Cannot read IP mode file for WES.I-CUBE-Cesium.1.4.0
2025-11-18 21:57:18,104 [WARN] PackLoader:240 - Cannot read IP mode file for Infineon.AIROC-Wi-Fi-Bluetooth-STM32.1.7.1
2025-11-18 21:57:18,125 [WARN] PackLoader:240 - Cannot read IP mode file for STMicroelectronics.X-CUBE-DISPLAY.3.0.0
2025-11-18 21:57:18,151 [WARN] PackLoader:240 - Cannot read IP mode file for STMicroelectronics.X-CUBE-NFC10.1.0.0
2025-11-18 21:57:18,162 [WARN] PackLoader:240 - Cannot read IP mode file for STMicroelectronics.X-CUBE-ST60.1.1.0
2025-11-18 21:57:18,174 [WARN] PackLoader:240 - Cannot read IP mode file for emotas.I-CUBE-CANOPEN.1.3.0
2025-11-18 21:57:18,192 [WARN] PackLoader:240 - Cannot read IP mode file for STMicroelectronics.X-CUBE-GNSS1.7.1.0
2025-11-18 21:57:18,210 [WARN] PackLoader:240 - Cannot read IP mode file for STMicroelectronics.FP-SNS-SMARTAG2.1.2.0
2025-11-18 21:57:18,218 [WARN] PackLoader:240 - Cannot read IP mode file for STMicroelectronics.FP-SNS-FLIGHT1.5.1.0
2025-11-18 21:57:18,255 [INFO] LogOutputStream:77 - [STDOUT_REDIRECT] 1 : Invalid condition id : UX_CORESTACK_Condition cause : null
2025-11-18 21:57:18,256 [INFO] LogOutputStream:77 - [STDOUT_REDIRECT] 1 : Invalid condition id : UX_CORESTACK_Condition cause : null
2025-11-18 21:57:18,261 [INFO] LogOutputStream:77 - [STDOUT_REDIRECT] 1 : Invalid condition id : UX_CORESTACK_Condition cause : null
2025-11-18 21:57:18,263 [INFO] LogOutputStream:77 - [STDOUT_REDIRECT] 1 : Invalid condition id : UX_CORESTACK_Condition cause : null
2025-11-18 21:57:18,267 [INFO] LogOutputStream:77 - [STDOUT_REDIRECT] 1 : Invalid condition id : UX_CORESTACK_Condition cause : null
2025-11-18 21:57:18,274 [WARN] PackLoader:240 - Cannot read IP mode file for STMicroelectronics.X-CUBE-AZRTOS-WL.2.0.0
2025-11-18 21:57:18,285 [WARN] PackLoader:240 - Cannot read IP mode file for STMicroelectronics.FP-SNS-MOTENV1.5.0.0
2025-11-18 21:57:18,300 [WARN] PackLoader:240 - Cannot read IP mode file for STMicroelectronics.X-CUBE-BLE2.3.3.0
2025-11-18 21:57:18,355 [WARN] PackLoader:240 - Cannot read IP mode file for STMicroelectronics.X-CUBE-NFC9.1.0.0
2025-11-18 21:57:18,367 [WARN] PackLoader:240 - Cannot read IP mode file for STMicroelectronics.X-CUBE-BLE1.7.1.0
2025-11-18 21:57:18,377 [WARN] PackLoader:240 - Cannot read IP mode file for STMicroelectronics.X-CUBE-ST67W61.1.1.0
2025-11-18 21:57:18,409 [WARN] PackLoader:240 - Cannot read IP mode file for STMicroelectronics.X-CUBE-AZRTOS-G0.1.1.0
2025-11-18 21:57:18,422 [WARN] PackLoader:240 - Cannot read IP mode file for STMicroelectronics.X-CUBE-SAFEA1.1.2.2
2025-11-18 21:57:18,437 [WARN] PackLoader:240 - Cannot read IP mode file for STMicroelectronics.X-CUBE-NFC4.3.0.0
2025-11-18 21:57:18,463 [WARN] PackLoader:240 - Cannot read IP mode file for EmbeddedOffice.I-CUBE-FS-RTOS.1.0.1
2025-11-18 21:57:18,477 [WARN] PackLoader:240 - Cannot read IP mode file for STMicroelectronics.X-CUBE-WB05N.2.0.0
2025-11-18 21:57:18,490 [WARN] PackLoader:240 - Cannot read IP mode file for STMicroelectronics.X-CUBE-TCPP.4.2.0
2025-11-18 21:57:18,504 [WARN] PackLoader:240 - Cannot read IP mode file for RealThread.X-CUBE-RT-Thread_Nano.4.1.1
2025-11-18 21:57:18,512 [WARN] PackLoader:240 - Cannot read IP mode file for STMicroelectronics.FP-ATR-SIGFOX1.3.2.0
2025-11-18 21:57:18,528 [WARN] PackLoader:240 - Cannot read IP mode file for ITTIA_DB.I-CUBE-ITTIADB.8.9.0
2025-11-18 21:57:18,536 [WARN] PackLoader:240 - Cannot read IP mode file for STMicroelectronics.X-CUBE-ST67W61.1.0.0
2025-11-18 21:57:18,589 [WARN] PackLoader:240 - Cannot read IP mode file for SEGGER.I-CUBE-embOS.1.3.1
2025-11-18 21:57:18,891 [WARN] PackLoader:240 - Cannot read IP mode file for STMicroelectronics.X-CUBE-ALGOBUILD.1.4.0
2025-11-18 21:57:18,993 [WARN] PackLoader:240 - Cannot read IP mode file for STMicroelectronics.X-CUBE-MEMS1.11.3.0
2025-11-18 21:57:19,206 [WARN] PackLoader:240 - Cannot read IP mode file for STMicroelectronics.X-CUBE-PM33A1.1.0.0
2025-11-18 21:57:19,251 [WARN] PackLoader:240 - Cannot read IP mode file for STMicroelectronics.X-CUBE-AZRTOS-F4.1.1.0
2025-11-18 21:57:19,265 [WARN] PackLoader:240 - Cannot read IP mode file for STMicroelectronics.X-CUBE-ISPU.2.1.0
2025-11-18 21:57:19,300 [WARN] PackLoader:240 - Cannot read IP mode file for STMicroelectronics.X-CUBE-IPS.3.2.0
2025-11-18 21:57:19,345 [WARN] PackLoader:240 - Cannot read IP mode file for STMicroelectronics.X-CUBE-AZRTOS-L5.2.0.0
2025-11-18 21:57:19,361 [WARN] PackLoader:240 - Cannot read IP mode file for STMicroelectronics.X-CUBE-NFC6.3.1.0
2025-11-18 21:57:19,372 [WARN] PackLoader:240 - Cannot read IP mode file for STMicroelectronics.X-CUBE-FREERTOS.1.3.1
2025-11-18 21:57:19,379 [WARN] PackLoader:240 - Cannot read IP mode file for STMicroelectronics.X-CUBE-TOUCHGFX.4.26.0
2025-11-18 21:57:19,388 [WARN] PackLoader:240 - Cannot read IP mode file for STMicroelectronics.X-CUBE-DPower.1.3.0
2025-11-18 21:57:19,418 [WARN] ConditionMgr:438 - getConditionDescription Invalid condition id : LAN8742 Phy interface Condition cause : null
2025-11-18 21:57:19,423 [WARN] PackLoader:240 - Cannot read IP mode file for STMicroelectronics.X-CUBE-AZRTOS-L4.2.0.0
2025-11-18 21:57:19,425 [WARN] ConditionMgr:1044 - genDependencies : Invalid condition id : LAN8742 Phy interface Condition cause : null
2025-11-18 21:57:19,426 [WARN] ConditionMgr:1044 - genDependencies : Invalid condition id : LAN8742 Phy interface Condition cause : null
2025-11-18 21:57:19,427 [WARN] ConditionMgr:1044 - genDependencies : Invalid condition id : LAN8742 Phy interface Condition cause : null
2025-11-18 21:57:19,438 [WARN] PackLoader:240 - Cannot read IP mode file for STMicroelectronics.X-CUBE-SFXS2LP1.4.0.0
2025-11-18 21:57:19,459 [WARN] ConditionMgr:438 - getConditionDescription Invalid condition id : UX DEVICE CLASS RTOS Condition cause : null
2025-11-18 21:57:19,459 [WARN] ConditionMgr:438 - getConditionDescription Invalid condition id : UX DEVICE CLASS RTOS Condition cause : null
2025-11-18 21:57:19,463 [WARN] PackLoader:240 - Cannot read IP mode file for STMicroelectronics.X-CUBE-AZRTOS-WB.2.0.0
2025-11-18 21:57:19,464 [WARN] ConditionMgr:1044 - genDependencies : Invalid condition id : UX DEVICE CLASS RTOS Condition cause : null
2025-11-18 21:57:19,465 [WARN] ConditionMgr:1044 - genDependencies : Invalid condition id : UX DEVICE CLASS RTOS Condition cause : null
2025-11-18 21:57:19,465 [WARN] ConditionMgr:1044 - genDependencies : Invalid condition id : UX DEVICE CLASS RTOS Condition cause : null
2025-11-18 21:57:19,466 [WARN] ConditionMgr:1044 - genDependencies : Invalid condition id : UX DEVICE CLASS RTOS Condition cause : null
2025-11-18 21:57:19,466 [WARN] ConditionMgr:1044 - genDependencies : Invalid condition id : UX DEVICE CLASS RTOS Condition cause : null
2025-11-18 21:57:19,474 [WARN] PackLoader:240 - Cannot read IP mode file for STMicroelectronics.X-CUBE-GNSS1.7.0.1
2025-11-18 21:57:19,480 [WARN] PackLoader:240 - Cannot read IP mode file for STMicroelectronics.X-CUBE-TOUCHGFX.4.25.0
2025-11-18 21:57:19,488 [WARN] ConditionMgr:438 - getConditionDescription Invalid condition id : Cortex-A Device cause : null
2025-11-18 21:57:19,504 [WARN] ConditionMgr:1044 - genDependencies : Invalid condition id : Cortex-A Device cause : null
2025-11-18 21:57:19,504 [WARN] ConditionMgr:1044 - genDependencies : Invalid condition id : Cortex-A Device cause : null
2025-11-18 21:57:19,504 [WARN] ConditionMgr:1044 - genDependencies : Invalid condition id : Cortex-A Device cause : null
2025-11-18 21:57:19,521 [WARN] PackLoader:240 - Cannot read IP mode file for STMicroelectronics.X-CUBE-SUBG2.5.0.0
2025-11-18 21:57:19,556 [WARN] PackLoader:240 - Cannot read IP mode file for STMicroelectronics.X-CUBE-AZRTOS-H7RS.1.1.0
2025-11-18 21:57:19,580 [WARN] PackLoader:240 - Cannot read IP mode file for STMicroelectronics.X-CUBE-AZRTOS-G4.2.0.0
2025-11-18 21:57:19,590 [WARN] PackLoader:240 - Cannot read IP mode file for wolfSSL.I-CUBE-wolfSSH.1.4.20
2025-11-18 21:57:19,599 [WARN] PackLoader:240 - Cannot read IP mode file for STMicroelectronics.X-CUBE-NFC7.2.0.0
2025-11-18 21:57:19,626 [WARN] PackLoader:240 - Cannot read IP mode file for STMicroelectronics.X-CUBE-IPS.3.1.0
2025-11-18 21:57:19,645 [WARN] PackLoader:240 - Cannot read IP mode file for STMicroelectronics.X-CUBE-ALS.1.0.2
2025-11-18 21:57:19,656 [WARN] PackLoader:240 - Cannot read IP mode file for STMicroelectronics.X-CUBE-STSE01.1.0.0
2025-11-18 21:57:19,674 [WARN] PackLoader:240 - Cannot read IP mode file for STMicroelectronics.X-CUBE-TOF1.3.4.3
2025-11-18 21:57:19,691 [INFO] ThirdParty:978 - Integrity check success = true
2025-11-18 21:57:19,692 [INFO] IntegrityCheckThread:100 - exiting critical section [integrity check]
2025-11-18 21:57:19,692 [INFO] IntegrityCheckThread:103 - End integrity checks thread
2025-11-18 21:57:34,363 [INFO] Activator:176 - 


2025-11-18 21:57:34,365 [INFO] Activator:177 - !SESSION log4j initialized
2025-11-18 21:57:40,783 [INFO] LogOutputStream:77 - [STDOUT_REDIRECT] 
2025-11-18 21:57:41,724 [INFO] ApplicationProperties:184 - Using Application install path: C:\ST\STM32CubeIDE_1.19.0\STM32CubeIDE\plugins\com.st.stm32cube.common.mx_6.15.0.202507011659
2025-11-18 21:57:41,750 [INFO] DbMcusXml:78 - Set database path to: C:\ST\STM32CubeIDE_1.19.0\STM32CubeIDE\plugins\com.st.stm32cube.common.mx_6.15.0.202507011659\\db\/mcu/
2025-11-18 21:57:41,750 [INFO] ApiDb:274 - Set plugin database path to: C:\ST\STM32CubeIDE_1.19.0\STM32CubeIDE\plugins\com.st.stm32cube.common.mx_6.15.0.202507011659\\db\/plugins/boardmanager/
2025-11-18 21:57:41,751 [WARN] ApiDb:259 - Overriding images path with different value:  => C:\ST\STM32CubeIDE_1.19.0\STM32CubeIDE\plugins\com.st.stm32cube.common.mx_6.15.0.202507011659\\db\/plugins/mcufinder/images/
2025-11-18 21:57:41,756 [INFO] ApiDb:250 - Set database path to: C:\Users\KICHU\.stmcufinder\plugins\mcufinder//mcu/
2025-11-18 21:57:41,758 [INFO] DbMcusAds:125 - Set database path to: C:\Users\KICHU\.stmcufinder\plugins\mcufinder//mcu/
2025-11-18 21:57:41,761 [INFO] CrossReferenceDbSqlite:203 - Set database path to: C:\Users\KICHU\.stmcufinder\plugins\mcufinder//mcu/cs/
2025-11-18 21:57:41,942 [INFO] RulesReader:64 - Compatibility file has been processed (317 Rules)
2025-11-18 21:57:42,059 [INFO] DbMcusXml:78 - Set database path to: C:\ST\STM32CubeIDE_1.19.0\STM32CubeIDE\plugins\com.st.stm32cube.common.mx_6.15.0.202507011659\\db\/mcu/
2025-11-18 21:57:42,060 [INFO] ApiDb:274 - Set plugin database path to: C:\ST\STM32CubeIDE_1.19.0\STM32CubeIDE\plugins\com.st.stm32cube.common.mx_6.15.0.202507011659\\db\/plugins/boardmanager/
2025-11-18 21:57:42,061 [INFO] ApiDb:261 - Set plugin images path to: C:\ST\STM32CubeIDE_1.19.0\STM32CubeIDE\plugins\com.st.stm32cube.common.mx_6.15.0.202507011659\\db\/plugins/mcufinder/images/
2025-11-18 21:57:42,061 [WARN] DbFile:41 - Overriding database path with different value: C:\Users\KICHU\.stmcufinder\plugins\mcufinder/ => C:\Users\KICHU\.stmcufinder\plugins\mcufinder
2025-11-18 21:57:42,061 [INFO] ApiDb:250 - Set database path to: C:\Users\KICHU\.stmcufinder\plugins\mcufinder//mcu/
2025-11-18 21:57:42,061 [WARN] DbFile:41 - Overriding database path with different value: C:\Users\KICHU\.stmcufinder\plugins\mcufinder/ => C:\Users\KICHU\.stmcufinder\plugins\mcufinder
2025-11-18 21:57:42,062 [INFO] DbMcusAds:125 - Set database path to: C:\Users\KICHU\.stmcufinder\plugins\mcufinder//mcu/
2025-11-18 21:57:42,062 [WARN] DbFile:41 - Overriding database path with different value: C:\Users\KICHU\.stmcufinder\plugins\mcufinder/ => C:\Users\KICHU\.stmcufinder\plugins\mcufinder
2025-11-18 21:57:42,062 [WARN] DbFile:41 - Overriding database path with different value: C:\Users\KICHU\.stmcufinder\plugins\mcufinder/ => C:\Users\KICHU\.stmcufinder\plugins\mcufinder
2025-11-18 21:57:42,062 [INFO] CrossReferenceDbSqlite:203 - Set database path to: C:\Users\KICHU\.stmcufinder\plugins\mcufinder//mcu/cs/
2025-11-18 21:57:42,163 [INFO] MainPanel:274 - HeapMemory: 268435456
2025-11-18 21:57:42,294 [INFO] DbMcusXml:78 - Set database path to: C:\ST\STM32CubeIDE_1.19.0\STM32CubeIDE\plugins\com.st.stm32cube.common.mx_6.15.0.202507011659\\db\/mcu/
2025-11-18 21:57:42,294 [INFO] ApiDb:274 - Set plugin database path to: C:\ST\STM32CubeIDE_1.19.0\STM32CubeIDE\plugins\com.st.stm32cube.common.mx_6.15.0.202507011659\\db\/plugins/boardmanager/
2025-11-18 21:57:42,294 [INFO] ApiDb:261 - Set plugin images path to: C:\ST\STM32CubeIDE_1.19.0\STM32CubeIDE\plugins\com.st.stm32cube.common.mx_6.15.0.202507011659\\db\/plugins/mcufinder/images/
2025-11-18 21:57:42,295 [WARN] DbFile:41 - Overriding database path with different value: C:\Users\KICHU\.stmcufinder\plugins\mcufinder/ => C:\Users\KICHU\.stmcufinder\plugins\mcufinder
2025-11-18 21:57:42,295 [INFO] ApiDb:250 - Set database path to: C:\Users\KICHU\.stmcufinder\plugins\mcufinder//mcu/
2025-11-18 21:57:42,295 [WARN] DbFile:41 - Overriding database path with different value: C:\Users\KICHU\.stmcufinder\plugins\mcufinder/ => C:\Users\KICHU\.stmcufinder\plugins\mcufinder
2025-11-18 21:57:42,295 [INFO] DbMcusAds:125 - Set database path to: C:\Users\KICHU\.stmcufinder\plugins\mcufinder//mcu/
2025-11-18 21:57:42,295 [WARN] DbFile:41 - Overriding database path with different value: C:\Users\KICHU\.stmcufinder\plugins\mcufinder/ => C:\Users\KICHU\.stmcufinder\plugins\mcufinder
2025-11-18 21:57:42,295 [WARN] DbFile:41 - Overriding database path with different value: C:\Users\KICHU\.stmcufinder\plugins\mcufinder/ => C:\Users\KICHU\.stmcufinder\plugins\mcufinder
2025-11-18 21:57:42,296 [INFO] CrossReferenceDbSqlite:203 - Set database path to: C:\Users\KICHU\.stmcufinder\plugins\mcufinder//mcu/cs/
2025-11-18 21:57:42,321 [INFO] ApplicationProperties:184 - Using Application install path: C:\ST\STM32CubeIDE_1.19.0\STM32CubeIDE\plugins\com.st.stm32cube.common.mx_6.15.0.202507011659
2025-11-18 21:57:42,324 [INFO] PluginManage:196 - Search for loadable plugins [exclusion list=, ]
2025-11-18 21:57:42,326 [INFO] PluginManage:310 - Check plugin analytics
2025-11-18 21:57:42,587 [INFO] AnalyticsPlugin:253 - Accepted Software Licenses: 
2025-11-18 21:57:42,588 [INFO] AnalyticsPlugin:255 - Accepted CMSIS Pack Licenses: 
2025-11-18 21:57:42,588 [INFO] AnalyticsPlugin:257 - Accepted Firmware Licenses: 
2025-11-18 21:57:42,591 [INFO] PluginManage:359 - Loaded plugin analytics (category:tool,tabindex:-1)
2025-11-18 21:57:42,592 [INFO] PluginManage:310 - Check plugin cadmodel
2025-11-18 21:57:42,597 [INFO] CADModel:105 - Init CAD model plugin
2025-11-18 21:57:42,597 [INFO] PluginManage:359 - Loaded plugin cadmodel (category:power,tabindex:5)
2025-11-18 21:57:42,597 [INFO] PluginManage:310 - Check plugin clock
2025-11-18 21:57:42,608 [INFO] PluginManage:359 - Loaded plugin clock (category:base,tabindex:2)
2025-11-18 21:57:42,609 [INFO] PluginManage:310 - Check plugin ddr
2025-11-18 21:57:42,611 [INFO] PluginManage:359 - Loaded plugin ddr (category:tool,tabindex:6)
2025-11-18 21:57:42,611 [INFO] PluginManage:310 - Check plugin filemanager
2025-11-18 21:57:42,790 [INFO] PluginManage:359 - Loaded plugin filemanager (category:base,tabindex:10)
2025-11-18 21:57:42,790 [INFO] PluginManage:310 - Check plugin ipmanager
2025-11-18 21:57:42,798 [INFO] PluginManage:359 - Loaded plugin ipmanager (category:base,tabindex:5)
2025-11-18 21:57:42,798 [INFO] PluginManage:310 - Check plugin lpbam
2025-11-18 21:57:42,809 [INFO] PluginManage:359 - Loaded plugin lpbam (category:base,tabindex:0)
2025-11-18 21:57:42,809 [INFO] PluginManage:310 - Check plugin memorymap
2025-11-18 21:57:42,822 [INFO] PluginManage:359 - Loaded plugin memorymap (category:base,tabindex:4)
2025-11-18 21:57:42,822 [INFO] PluginManage:310 - Check plugin pinoutandconfiguration
2025-11-18 21:57:42,832 [INFO] PluginManage:359 - Loaded plugin pinoutandconfiguration (category:base,tabindex:1)
2025-11-18 21:57:42,832 [INFO] PluginManage:310 - Check plugin pinoutconfig
2025-11-18 21:57:42,941 [WARN] SupportedApi:132 - Cannot load RTOS API schema: s4s-elt-must-match.1: The content of 'definitions' must match (annotation?, (simpleType | complexType)?, (unique | key | keyref)*)). A problem was found starting at: attribute.
2025-11-18 21:57:43,077 [INFO] PluginManage:359 - Loaded plugin pinoutconfig (category:base,tabindex:0)
2025-11-18 21:57:43,077 [INFO] PluginManage:310 - Check plugin power
2025-11-18 21:57:43,087 [INFO] PluginManage:359 - Loaded plugin power (category:power,tabindex:4)
2025-11-18 21:57:43,087 [INFO] PluginManage:310 - Check plugin projectmanager
2025-11-18 21:57:43,108 [INFO] PluginManage:359 - Loaded plugin projectmanager (category:projectmanager,tabindex:4)
2025-11-18 21:57:43,108 [INFO] PluginManage:310 - Check plugin rif
2025-11-18 21:57:43,119 [INFO] PluginManage:359 - Loaded plugin rif (category:base,tabindex:3)
2025-11-18 21:57:43,119 [INFO] PluginManage:310 - Check plugin thirdparty
2025-11-18 21:57:43,298 [INFO] PluginManage:359 - Loaded plugin thirdparty (category:base,tabindex:-1)
2025-11-18 21:57:43,298 [INFO] PluginManage:310 - Check plugin tools
2025-11-18 21:57:43,298 [WARN] IntegrityCheckThread:84 - waiting for thirdparty lock release [integrity check]
2025-11-18 21:57:43,298 [INFO] IntegrityCheckThread:86 - entering critical section [integrity check]
2025-11-18 21:57:43,299 [INFO] ThirdPartyUpdaterWithRetryManager:70 - Updater plugin not ready yet. [1/15]
2025-11-18 21:57:43,302 [INFO] PluginManage:359 - Loaded plugin tools (category:base,tabindex:7)
2025-11-18 21:57:43,302 [INFO] PluginManage:310 - Check plugin tutovideos
2025-11-18 21:57:43,525 [INFO] PluginManage:359 - Loaded plugin tutovideos (category:base,tabindex:-1)
2025-11-18 21:57:43,525 [INFO] PluginManage:310 - Check plugin updater
2025-11-18 21:57:43,553 [INFO] PluginManage:359 - Loaded plugin updater (category:base,tabindex:12)
2025-11-18 21:57:43,553 [INFO] PluginManage:310 - Check plugin userauth
2025-11-18 21:57:43,556 [INFO] UserAuth:118 - Init User Auth plugin
2025-11-18 21:57:43,557 [INFO] PluginManage:359 - Loaded plugin userauth (category:base,tabindex:14)
2025-11-18 21:57:43,558 [INFO] PluginManage:283 - PluginManage : Loaded plugins [18]
2025-11-18 21:57:43,773 [INFO] PinOutPanel:1589 - setPackage(No Configuration,No Configuration)
2025-11-18 21:57:43,862 [INFO] CADModel:165 - CPN selected for project level
2025-11-18 21:57:43,862 [INFO] CADModel:114 - Register for checkConnection events
2025-11-18 21:57:43,881 [INFO] IPUIPlugin:80 - create IPUIPlugin
2025-11-18 21:57:43,881 [INFO] PluginManager:220 - loadIPPluginJar : add adc
2025-11-18 21:57:43,883 [INFO] IPUIPlugin:80 - create IPUIPlugin
2025-11-18 21:57:43,884 [INFO] PluginManager:220 - loadIPPluginJar : add aes
2025-11-18 21:57:43,886 [INFO] IPUIPlugin:80 - create IPUIPlugin
2025-11-18 21:57:43,887 [INFO] PluginManager:220 - loadIPPluginJar : add can
2025-11-18 21:57:43,888 [INFO] IPUIPlugin:80 - create IPUIPlugin
2025-11-18 21:57:43,888 [INFO] PluginManager:220 - loadIPPluginJar : add comp
2025-11-18 21:57:43,891 [INFO] IPUIPlugin:80 - create IPUIPlugin
2025-11-18 21:57:43,891 [INFO] PluginManager:220 - loadIPPluginJar : add cryp
2025-11-18 21:57:43,894 [INFO] IPUIPlugin:80 - create IPUIPlugin
2025-11-18 21:57:43,894 [INFO] PluginManager:220 - loadIPPluginJar : add ddr_ctrl_phy
2025-11-18 21:57:43,897 [INFO] IPUIPlugin:80 - create IPUIPlugin
2025-11-18 21:57:43,897 [INFO] PluginManager:220 - loadIPPluginJar : add dfsdm
2025-11-18 21:57:43,903 [INFO] IPUIPlugin:80 - create IPUIPlugin
2025-11-18 21:57:43,905 [INFO] PluginManager:220 - loadIPPluginJar : add dma
2025-11-18 21:57:43,907 [INFO] IPUIPlugin:80 - create IPUIPlugin
2025-11-18 21:57:43,907 [INFO] PluginManager:220 - loadIPPluginJar : add dma3
2025-11-18 21:57:43,910 [INFO] IPUIPlugin:80 - create IPUIPlugin
2025-11-18 21:57:43,910 [INFO] PluginManager:220 - loadIPPluginJar : add extmemmanager
2025-11-18 21:57:43,912 [INFO] IPUIPlugin:80 - create IPUIPlugin
2025-11-18 21:57:43,912 [INFO] PluginManager:220 - loadIPPluginJar : add fatfs
2025-11-18 21:57:43,917 [INFO] IPUIPlugin:80 - create IPUIPlugin
2025-11-18 21:57:43,917 [INFO] PluginManager:220 - loadIPPluginJar : add fmc
2025-11-18 21:57:43,922 [INFO] IPUIPlugin:80 - create IPUIPlugin
2025-11-18 21:57:43,923 [INFO] PluginManager:220 - loadIPPluginJar : add freertos
2025-11-18 21:57:43,924 [INFO] IPUIPlugin:80 - create IPUIPlugin
2025-11-18 21:57:43,924 [INFO] PluginManager:220 - loadIPPluginJar : add genericplugin
2025-11-18 21:57:43,926 [INFO] IPUIPlugin:80 - create IPUIPlugin
2025-11-18 21:57:43,926 [INFO] PluginManager:220 - loadIPPluginJar : add gfxmmu
2025-11-18 21:57:43,931 [INFO] IPUIPlugin:80 - create IPUIPlugin
2025-11-18 21:57:43,931 [INFO] PluginManager:220 - loadIPPluginJar : add gic
2025-11-18 21:57:43,935 [INFO] IPUIPlugin:80 - create IPUIPlugin
2025-11-18 21:57:43,936 [INFO] PluginManager:220 - loadIPPluginJar : add gpio
2025-11-18 21:57:43,939 [INFO] IPUIPlugin:80 - create IPUIPlugin
2025-11-18 21:57:43,939 [INFO] PluginManager:220 - loadIPPluginJar : add gtzc
2025-11-18 21:57:43,942 [INFO] IPUIPlugin:80 - create IPUIPlugin
2025-11-18 21:57:43,942 [INFO] PluginManager:220 - loadIPPluginJar : add hash
2025-11-18 21:57:43,944 [INFO] IPUIPlugin:80 - create IPUIPlugin
2025-11-18 21:57:43,945 [INFO] PluginManager:220 - loadIPPluginJar : add i2c
2025-11-18 21:57:43,947 [INFO] IPUIPlugin:80 - create IPUIPlugin
2025-11-18 21:57:43,947 [INFO] PluginManager:220 - loadIPPluginJar : add i2s
2025-11-18 21:57:43,950 [INFO] IPUIPlugin:80 - create IPUIPlugin
2025-11-18 21:57:43,950 [INFO] PluginManager:220 - loadIPPluginJar : add i3c
2025-11-18 21:57:43,953 [INFO] IPUIPlugin:80 - create IPUIPlugin
2025-11-18 21:57:43,954 [INFO] PluginManager:220 - loadIPPluginJar : add ipddr
2025-11-18 21:57:43,962 [INFO] IPUIPlugin:80 - create IPUIPlugin
2025-11-18 21:57:43,962 [INFO] PluginManager:220 - loadIPPluginJar : add linkedlist
2025-11-18 21:57:43,966 [INFO] IPUIPlugin:80 - create IPUIPlugin
2025-11-18 21:57:43,966 [INFO] PluginManager:220 - loadIPPluginJar : add lorawan
2025-11-18 21:57:43,967 [INFO] IPUIPlugin:80 - create IPUIPlugin
2025-11-18 21:57:43,967 [INFO] PluginManager:220 - loadIPPluginJar : add ltdc
2025-11-18 21:57:43,975 [INFO] IPUIPlugin:80 - create IPUIPlugin
2025-11-18 21:57:43,975 [INFO] PluginManager:220 - loadIPPluginJar : add mdma
2025-11-18 21:57:43,979 [INFO] IPUIPlugin:80 - create IPUIPlugin
2025-11-18 21:57:43,980 [INFO] PluginManager:220 - loadIPPluginJar : add nvic
2025-11-18 21:57:43,983 [INFO] IPUIPlugin:80 - create IPUIPlugin
2025-11-18 21:57:43,983 [INFO] PluginManager:220 - loadIPPluginJar : add opamp
2025-11-18 21:57:43,986 [INFO] IPUIPlugin:80 - create IPUIPlugin
2025-11-18 21:57:43,986 [INFO] PluginManager:220 - loadIPPluginJar : add openamp
2025-11-18 21:57:43,990 [INFO] IPUIPlugin:80 - create IPUIPlugin
2025-11-18 21:57:43,990 [INFO] PluginManager:220 - loadIPPluginJar : add pdm2pcm
2025-11-18 21:57:43,998 [INFO] IPUIPlugin:80 - create IPUIPlugin
2025-11-18 21:57:44,002 [INFO] PluginManager:220 - loadIPPluginJar : add plateformsettings
2025-11-18 21:57:44,006 [INFO] IPUIPlugin:80 - create IPUIPlugin
2025-11-18 21:57:44,006 [INFO] PluginManager:220 - loadIPPluginJar : add quadspi
2025-11-18 21:57:44,008 [INFO] IPUIPlugin:80 - create IPUIPlugin
2025-11-18 21:57:44,009 [INFO] PluginManager:220 - loadIPPluginJar : add radio
2025-11-18 21:57:44,012 [INFO] IPUIPlugin:80 - create IPUIPlugin
2025-11-18 21:57:44,013 [INFO] PluginManager:220 - loadIPPluginJar : add resmgrutility
2025-11-18 21:57:44,017 [INFO] IPUIPlugin:80 - create IPUIPlugin
2025-11-18 21:57:44,017 [INFO] PluginManager:220 - loadIPPluginJar : add sai
2025-11-18 21:57:44,020 [INFO] IPUIPlugin:80 - create IPUIPlugin
2025-11-18 21:57:44,020 [INFO] PluginManager:220 - loadIPPluginJar : add spi
2025-11-18 21:57:44,027 [INFO] IPUIPlugin:80 - create IPUIPlugin
2025-11-18 21:57:44,027 [INFO] PluginManager:220 - loadIPPluginJar : add stm32_wpan
2025-11-18 21:57:44,029 [INFO] IPUIPlugin:80 - create IPUIPlugin
2025-11-18 21:57:44,029 [INFO] PluginManager:220 - loadIPPluginJar : add tim
2025-11-18 21:57:44,033 [INFO] IPUIPlugin:80 - create IPUIPlugin
2025-11-18 21:57:44,033 [INFO] PluginManager:220 - loadIPPluginJar : add touchsensing
2025-11-18 21:57:44,035 [INFO] IPUIPlugin:80 - create IPUIPlugin
2025-11-18 21:57:44,035 [INFO] PluginManager:220 - loadIPPluginJar : add tracer_emb
2025-11-18 21:57:44,038 [INFO] IPUIPlugin:80 - create IPUIPlugin
2025-11-18 21:57:44,038 [INFO] PluginManager:220 - loadIPPluginJar : add ts
2025-11-18 21:57:44,040 [INFO] IPUIPlugin:80 - create IPUIPlugin
2025-11-18 21:57:44,040 [INFO] PluginManager:220 - loadIPPluginJar : add tsc
2025-11-18 21:57:44,042 [INFO] IPUIPlugin:80 - create IPUIPlugin
2025-11-18 21:57:44,042 [INFO] PluginManager:220 - loadIPPluginJar : add ucpd
2025-11-18 21:57:44,045 [INFO] IPUIPlugin:80 - create IPUIPlugin
2025-11-18 21:57:44,045 [INFO] PluginManager:220 - loadIPPluginJar : add usart
2025-11-18 21:57:44,048 [INFO] IPUIPlugin:80 - create IPUIPlugin
2025-11-18 21:57:44,048 [INFO] PluginManager:220 - loadIPPluginJar : add usbx
2025-11-18 21:57:44,182 [FATAL] Updater:351 - Updater called before beeing initialized
2025-11-18 21:57:44,215 [INFO] RulesReader:64 - Compatibility file has been processed (317 Rules)
2025-11-18 21:57:44,230 [INFO] RulesReader:64 - Compatibility file has been processed (317 Rules)
2025-11-18 21:57:44,240 [INFO] CADModel:165 - CPN selected for project level
2025-11-18 21:57:44,241 [INFO] CADModel:114 - Register for checkConnection events
2025-11-18 21:57:44,241 [FATAL] Updater:351 - Updater called before beeing initialized
2025-11-18 21:57:44,241 [ERROR] CADModel:125 - Updater not yet initialized, retry later 
2025-11-18 21:57:44,409 [FATAL] Updater:351 - Updater called before beeing initialized
2025-11-18 21:57:44,410 [INFO] CADModel:165 - CPN selected for project level
2025-11-18 21:57:44,410 [INFO] CADModel:114 - Register for checkConnection events
2025-11-18 21:57:44,410 [FATAL] Updater:351 - Updater called before beeing initialized
2025-11-18 21:57:44,411 [ERROR] CADModel:125 - Updater not yet initialized, retry later 
2025-11-18 21:57:44,415 [FATAL] Updater:351 - Updater called before beeing initialized
2025-11-18 21:57:44,547 [FATAL] Updater:351 - Updater called before beeing initialized
2025-11-18 21:57:44,552 [INFO] DbMcusAds:53 - JSON generation date=Mon Nov 10 16:13:01 IST 2025 (1762771381096)
2025-11-18 21:57:44,552 [FATAL] Updater:351 - Updater called before beeing initialized
2025-11-18 21:57:44,593 [WARN] DetailPanel:346 - Failed to get advertising image, set to default
2025-11-18 21:57:44,685 [FATAL] Updater:351 - Updater called before beeing initialized
2025-11-18 21:57:44,687 [FATAL] Updater:351 - Updater called before beeing initialized
2025-11-18 21:57:44,687 [FATAL] Updater:351 - Updater called before beeing initialized
2025-11-18 21:57:44,687 [WARN] DetailPanel:346 - Failed to get advertising image, set to default
2025-11-18 21:57:44,688 [FATAL] Updater:351 - Updater called before beeing initialized
2025-11-18 21:57:44,732 [ERROR] Updater:1198 - MainUpdater not yet initialized. External WinMGr cannot be set.
2025-11-18 21:57:44,735 [INFO] Updater:1134 - Updater Version found : 6.15.0
2025-11-18 21:57:44,751 [INFO] ApplicationProperties:184 - Using Application install path: C:\ST\STM32CubeIDE_1.19.0\STM32CubeIDE\plugins\com.st.stm32cube.common.mx_6.15.0.202507011659
2025-11-18 21:57:46,301 [INFO] ThirdPartyUpdaterWithRetryManager:70 - Updater plugin not ready yet. [2/15]
2025-11-18 21:57:46,324 [ERROR] LogOutputStream:75 - [STDERR_REDIRECT] Nov 18, 2025 9:57:46 PM java.util.prefs.WindowsPreferences <init>
2025-11-18 21:57:46,325 [ERROR] LogOutputStream:75 - [STDERR_REDIRECT] WARNING: Could not open/create prefs root node Software\JavaSoft\Prefs at root 0xffffffff80000002. Windows RegCreateKeyEx(...) returned error code 5.
2025-11-18 21:57:46,325 [ERROR] LogOutputStream:75 - [STDERR_REDIRECT] 
2025-11-18 21:57:46,583 [INFO] MainUpdater:2872 - connection check result : 10
2025-11-18 21:57:46,583 [INFO] MainUpdater:289 - Updater Check For Update Now.
2025-11-18 21:57:46,583 [INFO] MicroXplorer:498 - Change Database Version : DB.6.0.150
2025-11-18 21:57:46,589 [INFO] McuFinderGlobals:63 - Set McuFinder mode to 2 (CubeIDE integrated)
2025-11-18 21:57:46,590 [INFO] UserAuth:171 - activating auth plugin
2025-11-18 21:57:46,594 [INFO] UserAuth:487 - Internet connection configuration mode: 1
2025-11-18 21:57:46,618 [INFO] JxBrowserEngine:152 - Initiate JxBrowser Engine with user profile folder
2025-11-18 21:57:46,808 [INFO] CheckServerUpdateThread:120 - End of CheckServer Thread
2025-11-18 21:57:47,383 [INFO] WebApp:169 - Instantiating new browser for Auth
2025-11-18 21:57:48,297 [INFO] WebApp:463 - Apply proxy settings
2025-11-18 21:57:48,298 [INFO] WebApp:548 - Chromium requires no authentication
2025-11-18 21:57:48,312 [INFO] WebApp:491 - Direct internet connection detected
2025-11-18 21:57:48,350 [INFO] WebApp:900 - Register for checkConnection events
2025-11-18 21:57:48,350 [INFO] WebApp:463 - Apply proxy settings
2025-11-18 21:57:48,351 [INFO] WebApp:548 - Chromium requires no authentication
2025-11-18 21:57:48,352 [INFO] WebApp:491 - Direct internet connection detected
2025-11-18 21:57:48,581 [INFO] WebApp:225 - Starting web application
2025-11-18 21:57:48,581 [INFO] WebApp:593 - Web application path used C:\ST\STM32CubeIDE_1.19.0\STM32CubeIDE\plugins\com.st.stm32cube.common.mx_6.15.0.202507011659\db\plugins\mcufinder\reactClient1\index.html
2025-11-18 21:57:48,760 [INFO] WebApp:191 - Connection restablished
2025-11-18 21:57:49,699 [WARN] PackLoader:240 - Cannot read IP mode file for STMicroelectronics.FP-SNS-MOTENVWB1.1.4.0
2025-11-18 21:57:49,715 [WARN] PackLoader:240 - Cannot read IP mode file for STMicroelectronics.FP-ATR-ASTRA1.2.0.2
2025-11-18 21:57:49,728 [WARN] PackLoader:240 - Cannot read IP mode file for STMicroelectronics.X-CUBE-SMBUS.2.1.0
2025-11-18 21:57:49,741 [WARN] PackLoader:240 - Cannot read IP mode file for STMicroelectronics.X-CUBE-ST60.1.0.0
2025-11-18 21:57:49,828 [WARN] PackLoader:240 - Cannot read IP mode file for STMicroelectronics.X-CUBE-AZRTOS-F7.1.1.0
2025-11-18 21:57:49,847 [WARN] PackLoader:240 - Cannot read IP mode file for Cesanta.I-CUBE-Mongoose.7.19.0
2025-11-18 21:57:49,855 [WARN] PackLoader:240 - Cannot read IP mode file for STMicroelectronics.FP-SNS-MOTENV1.5.1.0
2025-11-18 21:57:49,877 [WARN] PackLoader:240 - Cannot read IP mode file for WES.I-CUBE-Cesium.1.4.0
2025-11-18 21:57:49,932 [WARN] PackLoader:240 - Cannot read IP mode file for Infineon.AIROC-Wi-Fi-Bluetooth-STM32.1.7.1
2025-11-18 21:57:49,954 [WARN] PackLoader:240 - Cannot read IP mode file for STMicroelectronics.X-CUBE-DISPLAY.3.0.0
2025-11-18 21:57:49,978 [WARN] PackLoader:240 - Cannot read IP mode file for STMicroelectronics.X-CUBE-NFC10.1.0.0
2025-11-18 21:57:49,991 [WARN] PackLoader:240 - Cannot read IP mode file for STMicroelectronics.X-CUBE-ST60.1.1.0
2025-11-18 21:57:50,004 [WARN] PackLoader:240 - Cannot read IP mode file for emotas.I-CUBE-CANOPEN.1.3.0
2025-11-18 21:57:50,015 [WARN] PackLoader:240 - Cannot read IP mode file for STMicroelectronics.X-CUBE-GNSS1.7.1.0
2025-11-18 21:57:50,025 [WARN] PackLoader:240 - Cannot read IP mode file for STMicroelectronics.FP-SNS-SMARTAG2.1.2.0
2025-11-18 21:57:50,034 [WARN] PackLoader:240 - Cannot read IP mode file for STMicroelectronics.FP-SNS-FLIGHT1.5.1.0
2025-11-18 21:57:50,052 [INFO] LogOutputStream:77 - [STDOUT_REDIRECT] 1 : Invalid condition id : UX_CORESTACK_Condition cause : null
2025-11-18 21:57:50,053 [INFO] LogOutputStream:77 - [STDOUT_REDIRECT] 1 : Invalid condition id : UX_CORESTACK_Condition cause : null
2025-11-18 21:57:50,055 [INFO] LogOutputStream:77 - [STDOUT_REDIRECT] 1 : Invalid condition id : UX_CORESTACK_Condition cause : null
2025-11-18 21:57:50,057 [INFO] LogOutputStream:77 - [STDOUT_REDIRECT] 1 : Invalid condition id : UX_CORESTACK_Condition cause : null
2025-11-18 21:57:50,060 [INFO] LogOutputStream:77 - [STDOUT_REDIRECT] 1 : Invalid condition id : UX_CORESTACK_Condition cause : null
2025-11-18 21:57:50,067 [WARN] PackLoader:240 - Cannot read IP mode file for STMicroelectronics.X-CUBE-AZRTOS-WL.2.0.0
2025-11-18 21:57:50,075 [WARN] PackLoader:240 - Cannot read IP mode file for STMicroelectronics.FP-SNS-MOTENV1.5.0.0
2025-11-18 21:57:50,090 [WARN] PackLoader:240 - Cannot read IP mode file for STMicroelectronics.X-CUBE-BLE2.3.3.0
2025-11-18 21:57:50,135 [WARN] PackLoader:240 - Cannot read IP mode file for STMicroelectronics.X-CUBE-NFC9.1.0.0
2025-11-18 21:57:50,151 [WARN] PackLoader:240 - Cannot read IP mode file for STMicroelectronics.X-CUBE-BLE1.7.1.0
2025-11-18 21:57:50,163 [WARN] PackLoader:240 - Cannot read IP mode file for STMicroelectronics.X-CUBE-ST67W61.1.1.0
2025-11-18 21:57:50,195 [WARN] PackLoader:240 - Cannot read IP mode file for STMicroelectronics.X-CUBE-AZRTOS-G0.1.1.0
2025-11-18 21:57:50,214 [WARN] PackLoader:240 - Cannot read IP mode file for STMicroelectronics.X-CUBE-SAFEA1.1.2.2
2025-11-18 21:57:50,229 [WARN] PackLoader:240 - Cannot read IP mode file for STMicroelectronics.X-CUBE-NFC4.3.0.0
2025-11-18 21:57:50,247 [WARN] PackLoader:240 - Cannot read IP mode file for EmbeddedOffice.I-CUBE-FS-RTOS.1.0.1
2025-11-18 21:57:50,257 [WARN] PackLoader:240 - Cannot read IP mode file for STMicroelectronics.X-CUBE-WB05N.2.0.0
2025-11-18 21:57:50,268 [WARN] PackLoader:240 - Cannot read IP mode file for STMicroelectronics.X-CUBE-TCPP.4.2.0
2025-11-18 21:57:50,278 [WARN] PackLoader:240 - Cannot read IP mode file for RealThread.X-CUBE-RT-Thread_Nano.4.1.1
2025-11-18 21:57:50,284 [WARN] PackLoader:240 - Cannot read IP mode file for STMicroelectronics.FP-ATR-SIGFOX1.3.2.0
2025-11-18 21:57:50,293 [WARN] PackLoader:240 - Cannot read IP mode file for ITTIA_DB.I-CUBE-ITTIADB.8.9.0
2025-11-18 21:57:50,302 [WARN] PackLoader:240 - Cannot read IP mode file for STMicroelectronics.X-CUBE-ST67W61.1.0.0
2025-11-18 21:57:50,360 [WARN] PackLoader:240 - Cannot read IP mode file for SEGGER.I-CUBE-embOS.1.3.1
2025-11-18 21:57:50,765 [WARN] PackLoader:240 - Cannot read IP mode file for STMicroelectronics.X-CUBE-ALGOBUILD.1.4.0
2025-11-18 21:57:50,860 [WARN] PackLoader:240 - Cannot read IP mode file for STMicroelectronics.X-CUBE-MEMS1.11.3.0
2025-11-18 21:57:51,067 [WARN] PackLoader:240 - Cannot read IP mode file for STMicroelectronics.X-CUBE-PM33A1.1.0.0
2025-11-18 21:57:51,112 [WARN] PackLoader:240 - Cannot read IP mode file for STMicroelectronics.X-CUBE-AZRTOS-F4.1.1.0
2025-11-18 21:57:51,131 [WARN] PackLoader:240 - Cannot read IP mode file for STMicroelectronics.X-CUBE-ISPU.2.1.0
2025-11-18 21:57:51,165 [WARN] PackLoader:240 - Cannot read IP mode file for STMicroelectronics.X-CUBE-IPS.3.2.0
2025-11-18 21:57:51,200 [WARN] PackLoader:240 - Cannot read IP mode file for STMicroelectronics.X-CUBE-AZRTOS-L5.2.0.0
2025-11-18 21:57:51,227 [WARN] PackLoader:240 - Cannot read IP mode file for STMicroelectronics.X-CUBE-NFC6.3.1.0
2025-11-18 21:57:51,242 [WARN] PackLoader:240 - Cannot read IP mode file for STMicroelectronics.X-CUBE-FREERTOS.1.3.1
2025-11-18 21:57:51,249 [WARN] PackLoader:240 - Cannot read IP mode file for STMicroelectronics.X-CUBE-TOUCHGFX.4.26.0
2025-11-18 21:57:51,256 [WARN] PackLoader:240 - Cannot read IP mode file for STMicroelectronics.X-CUBE-DPower.1.3.0
2025-11-18 21:57:51,283 [WARN] ConditionMgr:438 - getConditionDescription Invalid condition id : LAN8742 Phy interface Condition cause : null
2025-11-18 21:57:51,284 [WARN] PackLoader:240 - Cannot read IP mode file for STMicroelectronics.X-CUBE-AZRTOS-L4.2.0.0
2025-11-18 21:57:51,290 [WARN] ConditionMgr:1044 - genDependencies : Invalid condition id : LAN8742 Phy interface Condition cause : null
2025-11-18 21:57:51,291 [WARN] ConditionMgr:1044 - genDependencies : Invalid condition id : LAN8742 Phy interface Condition cause : null
2025-11-18 21:57:51,292 [WARN] ConditionMgr:1044 - genDependencies : Invalid condition id : LAN8742 Phy interface Condition cause : null
2025-11-18 21:57:51,306 [WARN] PackLoader:240 - Cannot read IP mode file for STMicroelectronics.X-CUBE-SFXS2LP1.4.0.0
2025-11-18 21:57:51,326 [WARN] ConditionMgr:438 - getConditionDescription Invalid condition id : UX DEVICE CLASS RTOS Condition cause : null
2025-11-18 21:57:51,326 [WARN] ConditionMgr:438 - getConditionDescription Invalid condition id : UX DEVICE CLASS RTOS Condition cause : null
2025-11-18 21:57:51,330 [WARN] PackLoader:240 - Cannot read IP mode file for STMicroelectronics.X-CUBE-AZRTOS-WB.2.0.0
2025-11-18 21:57:51,331 [WARN] ConditionMgr:1044 - genDependencies : Invalid condition id : UX DEVICE CLASS RTOS Condition cause : null
2025-11-18 21:57:51,331 [WARN] ConditionMgr:1044 - genDependencies : Invalid condition id : UX DEVICE CLASS RTOS Condition cause : null
2025-11-18 21:57:51,332 [WARN] ConditionMgr:1044 - genDependencies : Invalid condition id : UX DEVICE CLASS RTOS Condition cause : null
2025-11-18 21:57:51,332 [WARN] ConditionMgr:1044 - genDependencies : Invalid condition id : UX DEVICE CLASS RTOS Condition cause : null
2025-11-18 21:57:51,332 [WARN] ConditionMgr:1044 - genDependencies : Invalid condition id : UX DEVICE CLASS RTOS Condition cause : null
2025-11-18 21:57:51,340 [WARN] PackLoader:240 - Cannot read IP mode file for STMicroelectronics.X-CUBE-GNSS1.7.0.1
2025-11-18 21:57:51,346 [WARN] PackLoader:240 - Cannot read IP mode file for STMicroelectronics.X-CUBE-TOUCHGFX.4.25.0
2025-11-18 21:57:51,356 [WARN] ConditionMgr:438 - getConditionDescription Invalid condition id : Cortex-A Device cause : null
2025-11-18 21:57:51,369 [WARN] ConditionMgr:1044 - genDependencies : Invalid condition id : Cortex-A Device cause : null
2025-11-18 21:57:51,370 [WARN] ConditionMgr:1044 - genDependencies : Invalid condition id : Cortex-A Device cause : null
2025-11-18 21:57:51,370 [WARN] ConditionMgr:1044 - genDependencies : Invalid condition id : Cortex-A Device cause : null
2025-11-18 21:57:51,384 [WARN] PackLoader:240 - Cannot read IP mode file for STMicroelectronics.X-CUBE-SUBG2.5.0.0
2025-11-18 21:57:51,418 [WARN] PackLoader:240 - Cannot read IP mode file for STMicroelectronics.X-CUBE-AZRTOS-H7RS.1.1.0
2025-11-18 21:57:51,444 [WARN] PackLoader:240 - Cannot read IP mode file for STMicroelectronics.X-CUBE-AZRTOS-G4.2.0.0
2025-11-18 21:57:51,451 [WARN] PackLoader:240 - Cannot read IP mode file for wolfSSL.I-CUBE-wolfSSH.1.4.20
2025-11-18 21:57:51,457 [WARN] PackLoader:240 - Cannot read IP mode file for STMicroelectronics.X-CUBE-NFC7.2.0.0
2025-11-18 21:57:51,477 [WARN] PackLoader:240 - Cannot read IP mode file for STMicroelectronics.X-CUBE-IPS.3.1.0
2025-11-18 21:57:51,494 [WARN] PackLoader:240 - Cannot read IP mode file for STMicroelectronics.X-CUBE-ALS.1.0.2
2025-11-18 21:57:51,508 [WARN] PackLoader:240 - Cannot read IP mode file for STMicroelectronics.X-CUBE-STSE01.1.0.0
2025-11-18 21:57:51,529 [WARN] PackLoader:240 - Cannot read IP mode file for STMicroelectronics.X-CUBE-TOF1.3.4.3
2025-11-18 21:57:51,547 [INFO] ThirdParty:978 - Integrity check success = true
2025-11-18 21:57:51,547 [INFO] IntegrityCheckThread:100 - exiting critical section [integrity check]
2025-11-18 21:57:51,548 [INFO] IntegrityCheckThread:103 - End integrity checks thread
2025-11-18 21:59:12,859 [INFO] McuFinderGlobals:63 - Set McuFinder mode to 2 (CubeIDE integrated)
2025-11-18 21:59:12,862 [INFO] MainUpdater:2872 - connection check result : 10
2025-11-18 21:59:13,322 [INFO] ApiDb:581 - Connected to CubeFinder SQLite database (C:\Users\KICHU\.stmcufinder\plugins\mcufinder\mcu\cube-finder-db.db)
2025-11-18 21:59:13,418 [INFO] ApiDb:668 - CubeFinder database Data Model version=2.1
2025-11-18 21:59:13,418 [INFO] ApiDb:669 - CubeFinder database Configuration version=3.0.39
2025-11-18 21:59:13,419 [INFO] ApiDb:670 - CubeFinder database generation date=2025-11-05 (1762334721)
2025-11-18 21:59:13,419 [INFO] ApiDb:671 - CubeFinder database FW Pack versions=[FP-ATR-ASTRA1_V2.0.0, FP-SNS-FLIGHT1_V5.1.0, FP-SNS-MOTENV1_V5.1.0, FP-SNS-MOTENVWB1_V1.4.0, FP-SNS-SMARTAG2_V1.2.0, FP-SNS-STBOX1_V2.1.0, STM32Cube_FW_C0_V1.4.0, STM32Cube_FW_F4_V1.28.3, STM32Cube_FW_F7_V1.17.4, STM32Cube_FW_G0_V1.6.2, STM32Cube_FW_G4_V1.6.1, STM32Cube_FW_H5_V1.5.1, STM32Cube_FW_H7RS_V1.3.0, STM32Cube_FW_H7_V1.12.1, STM32Cube_FW_L0_V1.12.2, STM32Cube_FW_L4_V1.18.1, STM32Cube_FW_L5_V1.6.0, STM32Cube_FW_N6_V1.3.0, STM32Cube_FW_U0_V1.3.0, STM32Cube_FW_U3_V1.2.1, STM32Cube_FW_U5_V1.8.0, STM32Cube_FW_WB0_V1.4.0, STM32Cube_FW_WBA_V1.8.0, STM32Cube_FW_WB_V1.24.0, STM32Cube_FW_WL3_V1.3.0, STM32Cube_FW_WL_V1.4.0, X-CUBE-ALGOBUILD_V1.4.0, X-CUBE-ALS_V1.0.2, X-CUBE-AZRTOS-F4_V1.1.0, X-CUBE-AZRTOS-F7_V1.1.0, X-CUBE-AZRTOS-G0_V1.1.0, X-CUBE-AZRTOS-G4_V2.0.0, X-CUBE-AZRTOS-H7RS_V1.1.0, X-CUBE-AZRTOS-H7_V3.4.0, X-CUBE-AZRTOS-L4_V2.0.0, X-CUBE-AZRTOS-L5_V2.0.0, X-CUBE-AZRTOS-WB_V2.0.0, X-CUBE-AZRTOS-WL_V2.0.0, X-CUBE-BLE1_V7.1.0, X-CUBE-BLE2_V3.3.0, X-CUBE-BLEMGR_V4.1.0, X-CUBE-EEPRMA1_V5.2.0, X-CUBE-FREERTOS_V1.3.1, X-CUBE-GNSS1_V6.0.0, X-CUBE-MEMS1_V11.3.0, X-CUBE-NFC4_V3.0.0, X-CUBE-NFC7_V2.0.0, X-CUBE-SFXS2LP1_V4.0.0, X-CUBE-ST67W61_V1.1.0, X-CUBE-SUBG2_V5.0.0, X-CUBE-TOF1_V3.4.3]
2025-11-18 21:59:16,464 [INFO] ApiDb:240 - Found 880 in-development CPN: [B-G473E-ZEST1S, B-WB1M-WPAN1, B-WBA5M-WPAN, B-WL5M-SUBG1, NUCLEO-C031C6, NUCLEO-C051C8, NUCLEO-C071RB, NUCLEO-C092RC, NUCLEO-H503RB, NUCLEO-H533RE, NUCLEO-H563ZI, NUCLEO-H7S3L8, NUCLEO-N657X0-Q, NUCLEO-U031R8, NUCLEO-U083RC, NUCLEO-U385RG-Q, NUCLEO-U545RE-Q, NUCLEO-U5A5ZJ-Q, NUCLEO-WB05KZ, NUCLEO-WB07CC, NUCLEO-WB09KE, NUCLEO-WBA52CG, NUCLEO-WBA55CG, NUCLEO-WL33CC1, NUCLEO-WL33CC2, STEVAL-PROTEUS1, STEVAL-SMARTAG2, STEVAL-STWINBX1, STM320518-EVAL, STM32C0116-DK, STM32C011D6Y3TR, STM32C011D6Y6TR, STM32C011F4P3, STM32C011F4P6, STM32C011F4U3, STM32C011F4U6TR, STM32C011F6P3, STM32C011F6P6, STM32C011F6U3, STM32C011F6U6TR, STM32C011J4M3, STM32C011J4M6, STM32C011J6M3, STM32C011J6M6, STM32C0316-DK, STM32C031C4T3, STM32C031C4T6, STM32C031C4U3, STM32C031C4U6, STM32C031C6T3, STM32C031C6T6, STM32C031C6U3, STM32C031C6U6, STM32C031F4P3, STM32C031F4P6, STM32C031F6P3, STM32C031F6P6, STM32C031G4U3, STM32C031G4U6, STM32C031G6U3, STM32C031G6U6, STM32C031K4T3, STM32C031K4T6, STM32C031K4U3, STM32C031K4U6, STM32C031K6T3, STM32C031K6T6, STM32C031K6U3, STM32C031K6U6, STM32C051C6T6, STM32C051C6U6, STM32C051C8T6, STM32C051C8U6, STM32C051D8Y6TR, STM32C051F6P6, STM32C051F8P6, STM32C051G6U6, STM32C051G8U6, STM32C051K6T6, STM32C051K6U6, STM32C051K8T6, STM32C071C8T6, STM32C071C8T6N, STM32C071C8U6, STM32C071C8U6N, STM32C071CBT6, STM32C071CBT6N, STM32C071CBU6, STM32C071CBU6N, STM32C071F8P6, STM32C071F8P6N, STM32C071FBP6, STM32C071FBP6N, STM32C071FBY6TR, STM32C071G8U6, STM32C071G8U6N, STM32C071GBU6, STM32C071GBU6N, STM32C071K8T6, STM32C071K8T6N, STM32C071K8U6, STM32C071K8U6N, STM32C071KBT6, STM32C071KBT6N, STM32C071KBU6, STM32C071KBU6N, STM32C071R8T6, STM32C071R8T6N, STM32C071RBI6N, STM32C071RBT6, STM32C071RBT6N, STM32C091CBT6, STM32C091CBU6, STM32C091CCT6, STM32C091CCU6, STM32C091ECY6TR, STM32C091FBP6, STM32C091FCP6, STM32C091GBU6, STM32C091GCU6, STM32C091KBT6, STM32C091KBU6, STM32C091KCT6, STM32C091KCU6, STM32C091RBT6, STM32C091RCI6, STM32C091RCT6, STM32C092CBT6, STM32C092CBU6, STM32C092CCT6, STM32C092CCU6, STM32C092ECY6TR, STM32C092FBP6, STM32C092FCP6, STM32C092GBU6, STM32C092GCU6, STM32C092KBT6, STM32C092KBU6, STM32C092KCT6, STM32C092KCU6, STM32C092RBT6, STM32C092RCI6, STM32C092RCT6, STM32G071K8TXN, STM32G071K8UXN, STM32G081GBU6N, STM32G081KBT6N, STM32G081KBUXN, STM32G0B1CCT6N, STM32G0B1KCT6, STM32G0B1NEY6TR, STM32G0B1RCT6N, STM32G0C1CCT6, STM32G0C1CCT6N, STM32G0C1CCU6N, STM32G0C1CET6N, STM32G0C1CEU6N, STM32G0C1KCT6, STM32G0C1NEY6TR, STM32G0C1RCI6N, STM32G0C1RCT6N, STM32G0C1REI6N, STM32G0C1RET6N, STM32G0C1VCI6, STM32G0C1VEI6, STM32G411C6T3, STM32G411C6T6, STM32G411C6U3, STM32G411C6U6, STM32G411C8T3, STM32G411C8T6, STM32G411C8U3, STM32G411C8U6, STM32G411CBT3, STM32G411CBT6, STM32G411CBU3, STM32G411CBU6, STM32G411K6T3, STM32G411K6T6, STM32G411K6U3, STM32G411K6U6, STM32G411K8T3, STM32G411K8T6, STM32G411K8U3, STM32G411K8U6, STM32G411KBT3, STM32G411KBT6, STM32G411KBU3, STM32G411KBU6, STM32G411M6T3, STM32G411M6T6, STM32G411M8T3, STM32G411M8T6, STM32G411MBT3, STM32G411MBT6, STM32G411R6T3, STM32G411R6T6, STM32G411R8T3, STM32G411R8T6, STM32G411RBT3, STM32G411RBT6, STM32G414CBT3, STM32G414CBT6, STM32G414CBU3, STM32G414CBU6, STM32G414CCT3, STM32G414CCT6, STM32G414CCU3, STM32G414CCU6, STM32G414MBT3, STM32G414MBT6, STM32G414MCT3, STM32G414MCT6, STM32G414RBT3, STM32G414RBT6, STM32G414RCT3, STM32G414RCT6, STM32G414VBT3, STM32G414VBT6, STM32G414VCT3, STM32G414VCT6, STM32G431CBT3Z, STM32G431RBT3Z, STM32G471CCT6, STM32G471CCU6, STM32G471CET3, STM32G471CET6, STM32G471CEU3, STM32G471CEU6, STM32G471MCT6, STM32G471MET3, STM32G471MET6, STM32G471MEY6TR, STM32G471QCT6, STM32G471QET3, STM32G471RCT6, STM32G471RET3, STM32G471RET6, STM32G471VCH6, STM32G471VCI6, STM32G471VCT6, STM32G471VEH3, STM32G471VEH6, STM32G471VEI3, STM32G471VEI6, STM32G471VET3, STM32G471VET6, STM32G473QET3Z, STM32G473RET3Z, STM32G474CCT6, STM32G491RET3Z, STM32H503CBT6, STM32H503CBU6, STM32H503EBY6TR, STM32H503KBU6, STM32H503RBT6, STM32H523CCT6, STM32H523CCU6, STM32H523CET6, STM32H523CEU6, STM32H523HEY6TR, STM32H523RCT6, STM32H523RET6, STM32H523VCI6, STM32H523VCT6, STM32H523VEI6, STM32H523VET6, STM32H523ZCJ6, STM32H523ZCT6, STM32H523ZEJ6, STM32H523ZET6, STM32H533CET6, STM32H533CEU6, STM32H533HEY6TR, STM32H533RET6, STM32H533VEI6, STM32H533VET6, STM32H533ZEJ6, STM32H533ZET6, STM32H562AGI6, STM32H562AII6, STM32H562IGK6, STM32H562IGT6, STM32H562IIK6, STM32H562IIT6, STM32H562RGT6, STM32H562RGV6, STM32H562RIT6, STM32H562RIV6, STM32H562VGT6, STM32H562VIT6, STM32H562ZGT6, STM32H562ZIT6, STM32H563AGI6, STM32H563AII3Q, STM32H563AII6, STM32H563IGK6, STM32H563IGT6, STM32H563IIK3Q, STM32H563IIK6, STM32H563IIT3Q, STM32H563IIT6, STM32H563MIY3QTR, STM32H563RGT6, STM32H563RGV6, STM32H563RIT6, STM32H563RIV6, STM32H563VGT6, STM32H563VIT3Q, STM32H563VIT6, STM32H563ZGT6, STM32H563ZIT3Q, STM32H563ZIT6, STM32H573AII3Q, STM32H573AII6, STM32H573I-DK, STM32H573IIK3Q, STM32H573IIK6, STM32H573IIT3Q, STM32H573IIT6, STM32H573MIY3QTR, STM32H573RIT6, STM32H573RIV6, STM32H573VIT3Q, STM32H573VIT6, STM32H573ZIT3Q, STM32H573ZIT6, STM32H7R3A8I6, STM32H7R3I8K6, STM32H7R3I8T6, STM32H7R3L8H6, STM32H7R3L8H6H, STM32H7R3R8V6, STM32H7R3V8H6, STM32H7R3V8T6, STM32H7R3V8Y6TR, STM32H7R3Z8J6, STM32H7R3Z8T6, STM32H7R7A8I6, STM32H7R7I8K6, STM32H7R7I8T6, STM32H7R7L8H6, STM32H7R7L8H6H, STM32H7R7Z8J6, STM32H7S3A8I6, STM32H7S3I8K6, STM32H7S3I8T6, STM32H7S3L8H6, STM32H7S3L8H6H, STM32H7S3R8V6, STM32H7S3V8H6, STM32H7S3V8T6, STM32H7S3V8Y6TR, STM32H7S3Z8J6, STM32H7S3Z8T6, STM32H7S78-DK, STM32H7S7A8I6, STM32H7S7I8K6, STM32H7S7I8T6, STM32H7S7L8H6, STM32H7S7L8H6H, STM32H7S7Z8J6, STM32L4R5QGI6STR, STM32MP131AAE3, STM32MP131AAF3, STM32MP131AAG3, STM32MP131CAE3, STM32MP131CAF3, STM32MP131CAG3, STM32MP131DAE7, STM32MP131DAF7, STM32MP131DAG7, STM32MP131FAE7, STM32MP131FAF7, STM32MP131FAG7, STM32MP133AAE3, STM32MP133AAF3, STM32MP133AAG3, STM32MP133CAE3, STM32MP133CAF3, STM32MP133CAG3, STM32MP133DAE7, STM32MP133DAF7, STM32MP133DAG7, STM32MP133FAE7, STM32MP133FAF7, STM32MP133FAG7, STM32MP135AAE3, STM32MP135AAF3, STM32MP135AAG3, STM32MP135CAE3, STM32MP135CAF3, STM32MP135CAG3, STM32MP135DAE7, STM32MP135DAF7, STM32MP135DAG7, STM32MP135F-DK, STM32MP135FAE7, STM32MP135FAF7, STM32MP135FAF7T, STM32MP135FAF7U, STM32MP135FAG7, STM32MP211AAL3, STM32MP211AAM3, STM32MP211AAN3, STM32MP211AAO3, STM32MP211CAL3, STM32MP211CAM3, STM32MP211CAN3, STM32MP211CAO3, STM32MP211DAL3, STM32MP211DAM3, STM32MP211DAN3, STM32MP211DAO3, STM32MP211FAL3, STM32MP211FAM3, STM32MP211FAN3, STM32MP211FAO3, STM32MP213AAL3, STM32MP213AAM3, STM32MP213AAN3, STM32MP213AAO3, STM32MP213CAL3, STM32MP213CAM3, STM32MP213CAN3, STM32MP213CAO3, STM32MP213DAL3, STM32MP213DAM3, STM32MP213DAN3, STM32MP213DAO3, STM32MP213FAL3, STM32MP213FAM3, STM32MP213FAN3, STM32MP213FAO3, STM32MP215AAL3, STM32MP215AAM3, STM32MP215AAN3, STM32MP215AAO3, STM32MP215CAL3, STM32MP215CAM3, STM32MP215CAN3, STM32MP215CAO3, STM32MP215DAL3, STM32MP215DAM3, STM32MP215DAN3, STM32MP215DAO3, STM32MP215F-DK, STM32MP215FAL3, STM32MP215FAM3, STM32MP215FAN3, STM32MP215FAO3, STM32MP231AAJ3, STM32MP231AAK3, STM32MP231AAL3, STM32MP231CAJ3, STM32MP231CAK3, STM32MP231CAL3, STM32MP231DAJ3, STM32MP231DAK3, STM32MP231DAL3, STM32MP231FAJ3, STM32MP231FAK3, STM32MP231FAL3, STM32MP233AAJ3, STM32MP233AAK3, STM32MP233AAL3, STM32MP233CAJ3, STM32MP233CAK3, STM32MP233CAL3, STM32MP233DAJ3, STM32MP233DAK3, STM32MP233DAL3, STM32MP233FAJ3, STM32MP233FAK3, STM32MP233FAL3, STM32MP235AAJ3, STM32MP235AAK3, STM32MP235AAL3, STM32MP235CAJ3, STM32MP235CAK3, STM32MP235CAL3, STM32MP235DAJ3, STM32MP235DAK3, STM32MP235DAL3, STM32MP235FAJ3, STM32MP235FAK3, STM32MP235FAL3, STM32MP251AAI3, STM32MP251AAK3, STM32MP251AAL3, STM32MP251CAI3, STM32MP251CAK3, STM32MP251CAL3, STM32MP251DAI3, STM32MP251DAK3, STM32MP251DAL3, STM32MP251FAI3, STM32MP251FAK3, STM32MP251FAL3, STM32MP253AAI3, STM32MP253AAK3, STM32MP253AAL3, STM32MP253CAI3, STM32MP253CAK3, STM32MP253CAL3, STM32MP253DAI3, STM32MP253DAK3, STM32MP253DAL3, STM32MP253FAI3, STM32MP253FAK3, STM32MP253FAL3, STM32MP255AAI3, STM32MP255AAK3, STM32MP255AAL3, STM32MP255CAI3, STM32MP255CAK3, STM32MP255CAL3, STM32MP255DAI3, STM32MP255DAK3, STM32MP255DAL3, STM32MP255FAI3, STM32MP255FAK3, STM32MP255FAL3, STM32MP257AAI3, STM32MP257AAK3, STM32MP257AAL3, STM32MP257CAI3, STM32MP257CAK3, STM32MP257CAL3, STM32MP257DAI3, STM32MP257DAK3, STM32MP257DAL3, STM32MP257F-DK, STM32MP257F-EV1, STM32MP257FAI3, STM32MP257FAK3, STM32MP257FAL3, STM32N645A0H3Q, STM32N645B0H3Q, STM32N645I0H3Q, STM32N645L0H3Q, STM32N645X0H3Q, STM32N645Z0H3Q, STM32N647A0H3Q, STM32N647B0H3Q, STM32N647I0H3Q, STM32N647L0H3Q, STM32N647X0H3Q, STM32N647Z0H3Q, STM32N655A0H3Q, STM32N655B0H3Q, STM32N655I0H3Q, STM32N655L0H3Q, STM32N655X0H3Q, STM32N655Z0H3Q, STM32N6570-DK, STM32N657A0H3Q, STM32N657B0H3Q, STM32N657I0H3Q, STM32N657L0H3Q, STM32N657X0H3Q, STM32N657Z0H3Q, STM32U031C6T6, STM32U031C6U6, STM32U031C8T6, STM32U031C8U6, STM32U031F4P6, STM32U031F6P6, STM32U031F8P6, STM32U031G6Y6TR, STM32U031G8Y6TR, STM32U031K4U6, STM32U031K6U6, STM32U031K8U6, STM32U031R6I6, STM32U031R6T6, STM32U031R8I6, STM32U031R8T6, STM32U073C8T6, STM32U073C8U6, STM32U073CBT6, STM32U073CBU6, STM32U073CCT6, STM32U073CCU6, STM32U073H8Y6TR, STM32U073HBY6TR, STM32U073HCY6TR, STM32U073K8U6, STM32U073KBU6, STM32U073KCU6, STM32U073M8I6, STM32U073M8T6, STM32U073MBI6, STM32U073MBT6, STM32U073MCI6, STM32U073MCT6, STM32U073R8I6, STM32U073R8T6, STM32U073RBI6, STM32U073RBT6, STM32U073RCI6, STM32U073RCT6, STM32U083C-DK, STM32U083CCT6, STM32U083CCU6, STM32U083HCY6TR, STM32U083KCU6, STM32U083MCI6, STM32U083MCT6, STM32U083RCI6, STM32U083RCT6, STM32U375CET6, STM32U375CET6Q, STM32U375CEU6, STM32U375CEU6Q, STM32U375CEY6QTR, STM32U375CGT6, STM32U375CGT6Q, STM32U375CGU6, STM32U375CGU6Q, STM32U375CGY6QTR, STM32U375KEU6, STM32U375KGU6, STM32U375REI6, STM32U375REI6Q, STM32U375RET6, STM32U375RET6Q, STM32U375REY6GTR, STM32U375REY6QTR, STM32U375RGI6, STM32U375RGI6Q, STM32U375RGT6, STM32U375RGT6Q, STM32U375RGY6GTR, STM32U375RGY6QTR, STM32U375VEI6, STM32U375VEI6Q, STM32U375VET6, STM32U375VET6Q, STM32U375VGI6, STM32U375VGI6Q, STM32U375VGT6, STM32U375VGT6Q, STM32U385CGT6, STM32U385CGT6Q, STM32U385CGU6, STM32U385CGU6Q, STM32U385CGY6QTR, STM32U385KGU6, STM32U385RGI6, STM32U385RGI6Q, STM32U385RGT6, STM32U385RGT6Q, STM32U385RGY6GTR, STM32U385RGY6QTR, STM32U385VGI6, STM32U385VGI6Q, STM32U385VGT6, STM32U385VGT6Q, STM32U535CBT6, STM32U535CBT6Q, STM32U535CBU6, STM32U535CBU6Q, STM32U535CCT6, STM32U535CCT6Q, STM32U535CCU6, STM32U535CCU6Q, STM32U535CET6, STM32U535CET6Q, STM32U535CEU6, STM32U535CEU6Q, STM32U535JEY6QTR, STM32U535NCY6QTR, STM32U535NEY6QTR, STM32U535RBI6, STM32U535RBI6Q, STM32U535RBT6, STM32U535RBT6Q, STM32U535RCI6, STM32U535RCI6Q, STM32U535RCT6, STM32U535RCT6Q, STM32U535REI6, STM32U535REI6Q, STM32U535RET6, STM32U535RET6Q, STM32U535VCI6, STM32U535VCI6Q, STM32U535VCT6, STM32U535VCT6Q, STM32U535VEI6, STM32U535VEI6Q, STM32U535VET6, STM32U535VET6Q, STM32U545CET6, STM32U545CET6Q, STM32U545CEU6, STM32U545CEU6Q, STM32U545JEY6QTR, STM32U545NEY6QTR, STM32U545REI6, STM32U545REI6Q, STM32U545RET6, STM32U545RET6Q, STM32U545VEI6, STM32U545VEI6Q, STM32U545VET6, STM32U545VET6Q, STM32U595AIH6, STM32U595AIH6Q, STM32U595AJH6, STM32U595AJH6Q, STM32U595QII6, STM32U595QII6Q, STM32U595QJI6, STM32U595QJI6Q, STM32U595RIT6, STM32U595RIT6Q, STM32U595RJT6, STM32U595RJT6Q, STM32U595VIT6, STM32U595VIT6Q, STM32U595VJT6, STM32U595VJT6Q, STM32U595ZIT6, STM32U595ZIT6Q, STM32U595ZIY6QTR, STM32U595ZJT6, STM32U595ZJT6Q, STM32U595ZJY6QTR, STM32U599BJY6QTR, STM32U599NIH6Q, STM32U599NJH6Q, STM32U599VIT6Q, STM32U599VJT6, STM32U599VJT6Q, STM32U599ZIT6Q, STM32U599ZIY6QTR, STM32U599ZJT6Q, STM32U599ZJY6QTR, STM32U5A5AJH6, STM32U5A5AJH6Q, STM32U5A5QII3Q , STM32U5A5QJI6, STM32U5A5QJI6Q, STM32U5A5RJT6, STM32U5A5RJT6Q, STM32U5A5VJT6, STM32U5A5VJT6Q, STM32U5A5ZJT6, STM32U5A5ZJT6Q, STM32U5A5ZJY6QTR, STM32U5A9BJY6QTR, STM32U5A9J-DK, STM32U5A9NJH6Q, STM32U5A9VJT6Q, STM32U5A9ZJT6Q, STM32U5A9ZJY6QTR, STM32U5F7VIT6, STM32U5F7VIT6Q, STM32U5F7VJT6, STM32U5F7VJT6Q, STM32U5F9BJY6QTR, STM32U5F9NJH6Q, STM32U5F9VIT6Q, STM32U5F9VJT6Q, STM32U5F9ZIJ6QTR, STM32U5F9ZIT6Q, STM32U5F9ZJJ6QTR, STM32U5F9ZJT6Q, STM32U5G7VJT6, STM32U5G7VJT6Q, STM32U5G9BJY6QTR, STM32U5G9J-DK1, STM32U5G9J-DK2, STM32U5G9NJH6Q, STM32U5G9VJT6Q, STM32U5G9ZJJ6QTR, STM32U5G9ZJT6Q, STM32WB05KZV6TR, STM32WB05KZV7TR, STM32WB05TZF6TR, STM32WB05TZF7TR, STM32WB06CCF6TR, STM32WB06CCF7TR, STM32WB06CCV6TR, STM32WB06CCV7TR, STM32WB06KCV6TR, STM32WB06KCV7TR, STM32WB07CCF6TR, STM32WB07CCF7TR, STM32WB07CCV6TR, STM32WB07CCV7TR, STM32WB07KCV6TR, STM32WB07KCV7TR, STM32WB09KEV6TR, STM32WB09KEV7TR, STM32WB09TEF6TR, STM32WB09TEF7TR, STM32WB1MMCH6, STM32WBA50KGU6, STM32WBA50KGU6TR, STM32WBA52CEU6, STM32WBA52CEU6TR, STM32WBA52CEU7, STM32WBA52CEU7TR, STM32WBA52CGU6, STM32WBA52CGU6TR, STM32WBA52CGU6U, STM32WBA52CGU7, STM32WBA52CGU7TR, STM32WBA52KEU6, STM32WBA52KEU6TR, STM32WBA52KGU6, STM32WBA52KGU6TR, STM32WBA54CEU6, STM32WBA54CEU6TR, STM32WBA54CEU7, STM32WBA54CEU7TR, STM32WBA54CGU6, STM32WBA54CGU6TR, STM32WBA54CGU7, STM32WBA54CGU7TR, STM32WBA54KEU6, STM32WBA54KEU6TR, STM32WBA54KEU7, STM32WBA54KEU7TR, STM32WBA54KGU6, STM32WBA54KGU6TR, STM32WBA54KGU7, STM32WBA54KGU7TR, STM32WBA55CEU6, STM32WBA55CEU6TR, STM32WBA55CEU7, STM32WBA55CEU7TR, STM32WBA55CGU6, STM32WBA55CGU6TR, STM32WBA55CGU6U, STM32WBA55CGU7, STM32WBA55CGU7TR, STM32WBA55G-DK1, STM32WBA55HEF6, STM32WBA55HEF7, STM32WBA55HGF6, STM32WBA55HGF7, STM32WBA55UEI6, STM32WBA55UEI6TR, STM32WBA55UEI7, STM32WBA55UEI7TR, STM32WBA55UGI6, STM32WBA55UGI6TR, STM32WBA55UGI7, STM32WBA55UGI7TR, STM32WBA5MMGH6TR, STM32WBA62MGF6, STM32WBA62MIF6, STM32WBA65MGF7, STM32WBA65MIF6, STM32WBA65MIF7, STM32WL30K8V6, STM32WL30KBV6, STM32WL31C8V6, STM32WL31CBV6, STM32WL31K8V6, STM32WL31KBV6, STM32WL33C8V6, STM32WL33C8V6X, STM32WL33CBV6, STM32WL33CBV6X, STM32WL33CCV6, STM32WL33CCV6A, STM32WL33CCV6X, STM32WL33K8V7, STM32WL33K8V7X, STM32WL33KBV7 , STM32WL33KBV7X, STM32WL33KCV7, STM32WL33KCV7X, STM32WL5MOCH6, STM32WL5MOCH6TR]
2025-11-18 21:59:16,472 [INFO] DbMcus:218 - Found 4876 MCUs, 4876 are supported
2025-11-18 21:59:16,473 [INFO] ApiDb:423 - Load user favorites file C:\Users\KICHU/.stm32cubeide/favorites.mcus.txt: 0 item(s)
2025-11-18 21:59:16,473 [INFO] ApiDb:427 - User favorites MCUs=[]
2025-11-18 21:59:16,474 [INFO] DbMcus:224 - Set 0 / 0 favorites MCUs
2025-11-18 21:59:17,088 [INFO] ApiDb:668 - CubeFinder database Data Model version=2.1
2025-11-18 21:59:17,088 [INFO] ApiDb:669 - CubeFinder database Configuration version=3.0.39
2025-11-18 21:59:17,089 [INFO] ApiDb:670 - CubeFinder database generation date=2025-11-05 (1762334721)
2025-11-18 21:59:17,089 [INFO] ApiDb:671 - CubeFinder database FW Pack versions=[FP-ATR-ASTRA1_V2.0.0, FP-SNS-FLIGHT1_V5.1.0, FP-SNS-MOTENV1_V5.1.0, FP-SNS-MOTENVWB1_V1.4.0, FP-SNS-SMARTAG2_V1.2.0, FP-SNS-STBOX1_V2.1.0, STM32Cube_FW_C0_V1.4.0, STM32Cube_FW_F4_V1.28.3, STM32Cube_FW_F7_V1.17.4, STM32Cube_FW_G0_V1.6.2, STM32Cube_FW_G4_V1.6.1, STM32Cube_FW_H5_V1.5.1, STM32Cube_FW_H7RS_V1.3.0, STM32Cube_FW_H7_V1.12.1, STM32Cube_FW_L0_V1.12.2, STM32Cube_FW_L4_V1.18.1, STM32Cube_FW_L5_V1.6.0, STM32Cube_FW_N6_V1.3.0, STM32Cube_FW_U0_V1.3.0, STM32Cube_FW_U3_V1.2.1, STM32Cube_FW_U5_V1.8.0, STM32Cube_FW_WB0_V1.4.0, STM32Cube_FW_WBA_V1.8.0, STM32Cube_FW_WB_V1.24.0, STM32Cube_FW_WL3_V1.3.0, STM32Cube_FW_WL_V1.4.0, X-CUBE-ALGOBUILD_V1.4.0, X-CUBE-ALS_V1.0.2, X-CUBE-AZRTOS-F4_V1.1.0, X-CUBE-AZRTOS-F7_V1.1.0, X-CUBE-AZRTOS-G0_V1.1.0, X-CUBE-AZRTOS-G4_V2.0.0, X-CUBE-AZRTOS-H7RS_V1.1.0, X-CUBE-AZRTOS-H7_V3.4.0, X-CUBE-AZRTOS-L4_V2.0.0, X-CUBE-AZRTOS-L5_V2.0.0, X-CUBE-AZRTOS-WB_V2.0.0, X-CUBE-AZRTOS-WL_V2.0.0, X-CUBE-BLE1_V7.1.0, X-CUBE-BLE2_V3.3.0, X-CUBE-BLEMGR_V4.1.0, X-CUBE-EEPRMA1_V5.2.0, X-CUBE-FREERTOS_V1.3.1, X-CUBE-GNSS1_V6.0.0, X-CUBE-MEMS1_V11.3.0, X-CUBE-NFC4_V3.0.0, X-CUBE-NFC7_V2.0.0, X-CUBE-SFXS2LP1_V4.0.0, X-CUBE-ST67W61_V1.1.0, X-CUBE-SUBG2_V5.0.0, X-CUBE-TOF1_V3.4.3]
2025-11-18 21:59:17,152 [INFO] DbBoardsSqlite:226 - include board P-NUCLEO-WB55-NUCLEO as a kit item of type 'Nucleo-64'
2025-11-18 21:59:17,152 [INFO] DbBoardsSqlite:226 - include board P-NUCLEO-WB55-USBDONGLE as a kit item of type 'Nucleo USB Dongle'
2025-11-18 21:59:17,152 [INFO] DbBoardsSqlite:226 - include board STEVAL-IDP005V1 as a kit item of type 'Evaluation Board'
2025-11-18 21:59:17,152 [INFO] DbBoardsSqlite:226 - include board STEVAL-IDP005V2 as a kit item of type 'Evaluation Board'
2025-11-18 21:59:17,237 [INFO] ApiDb:240 - Found 880 in-development CPN: [B-G473E-ZEST1S, B-WB1M-WPAN1, B-WBA5M-WPAN, B-WL5M-SUBG1, NUCLEO-C031C6, NUCLEO-C051C8, NUCLEO-C071RB, NUCLEO-C092RC, NUCLEO-H503RB, NUCLEO-H533RE, NUCLEO-H563ZI, NUCLEO-H7S3L8, NUCLEO-N657X0-Q, NUCLEO-U031R8, NUCLEO-U083RC, NUCLEO-U385RG-Q, NUCLEO-U545RE-Q, NUCLEO-U5A5ZJ-Q, NUCLEO-WB05KZ, NUCLEO-WB07CC, NUCLEO-WB09KE, NUCLEO-WBA52CG, NUCLEO-WBA55CG, NUCLEO-WL33CC1, NUCLEO-WL33CC2, STEVAL-PROTEUS1, STEVAL-SMARTAG2, STEVAL-STWINBX1, STM320518-EVAL, STM32C0116-DK, STM32C011D6Y3TR, STM32C011D6Y6TR, STM32C011F4P3, STM32C011F4P6, STM32C011F4U3, STM32C011F4U6TR, STM32C011F6P3, STM32C011F6P6, STM32C011F6U3, STM32C011F6U6TR, STM32C011J4M3, STM32C011J4M6, STM32C011J6M3, STM32C011J6M6, STM32C0316-DK, STM32C031C4T3, STM32C031C4T6, STM32C031C4U3, STM32C031C4U6, STM32C031C6T3, STM32C031C6T6, STM32C031C6U3, STM32C031C6U6, STM32C031F4P3, STM32C031F4P6, STM32C031F6P3, STM32C031F6P6, STM32C031G4U3, STM32C031G4U6, STM32C031G6U3, STM32C031G6U6, STM32C031K4T3, STM32C031K4T6, STM32C031K4U3, STM32C031K4U6, STM32C031K6T3, STM32C031K6T6, STM32C031K6U3, STM32C031K6U6, STM32C051C6T6, STM32C051C6U6, STM32C051C8T6, STM32C051C8U6, STM32C051D8Y6TR, STM32C051F6P6, STM32C051F8P6, STM32C051G6U6, STM32C051G8U6, STM32C051K6T6, STM32C051K6U6, STM32C051K8T6, STM32C071C8T6, STM32C071C8T6N, STM32C071C8U6, STM32C071C8U6N, STM32C071CBT6, STM32C071CBT6N, STM32C071CBU6, STM32C071CBU6N, STM32C071F8P6, STM32C071F8P6N, STM32C071FBP6, STM32C071FBP6N, STM32C071FBY6TR, STM32C071G8U6, STM32C071G8U6N, STM32C071GBU6, STM32C071GBU6N, STM32C071K8T6, STM32C071K8T6N, STM32C071K8U6, STM32C071K8U6N, STM32C071KBT6, STM32C071KBT6N, STM32C071KBU6, STM32C071KBU6N, STM32C071R8T6, STM32C071R8T6N, STM32C071RBI6N, STM32C071RBT6, STM32C071RBT6N, STM32C091CBT6, STM32C091CBU6, STM32C091CCT6, STM32C091CCU6, STM32C091ECY6TR, STM32C091FBP6, STM32C091FCP6, STM32C091GBU6, STM32C091GCU6, STM32C091KBT6, STM32C091KBU6, STM32C091KCT6, STM32C091KCU6, STM32C091RBT6, STM32C091RCI6, STM32C091RCT6, STM32C092CBT6, STM32C092CBU6, STM32C092CCT6, STM32C092CCU6, STM32C092ECY6TR, STM32C092FBP6, STM32C092FCP6, STM32C092GBU6, STM32C092GCU6, STM32C092KBT6, STM32C092KBU6, STM32C092KCT6, STM32C092KCU6, STM32C092RBT6, STM32C092RCI6, STM32C092RCT6, STM32G071K8TXN, STM32G071K8UXN, STM32G081GBU6N, STM32G081KBT6N, STM32G081KBUXN, STM32G0B1CCT6N, STM32G0B1KCT6, STM32G0B1NEY6TR, STM32G0B1RCT6N, STM32G0C1CCT6, STM32G0C1CCT6N, STM32G0C1CCU6N, STM32G0C1CET6N, STM32G0C1CEU6N, STM32G0C1KCT6, STM32G0C1NEY6TR, STM32G0C1RCI6N, STM32G0C1RCT6N, STM32G0C1REI6N, STM32G0C1RET6N, STM32G0C1VCI6, STM32G0C1VEI6, STM32G411C6T3, STM32G411C6T6, STM32G411C6U3, STM32G411C6U6, STM32G411C8T3, STM32G411C8T6, STM32G411C8U3, STM32G411C8U6, STM32G411CBT3, STM32G411CBT6, STM32G411CBU3, STM32G411CBU6, STM32G411K6T3, STM32G411K6T6, STM32G411K6U3, STM32G411K6U6, STM32G411K8T3, STM32G411K8T6, STM32G411K8U3, STM32G411K8U6, STM32G411KBT3, STM32G411KBT6, STM32G411KBU3, STM32G411KBU6, STM32G411M6T3, STM32G411M6T6, STM32G411M8T3, STM32G411M8T6, STM32G411MBT3, STM32G411MBT6, STM32G411R6T3, STM32G411R6T6, STM32G411R8T3, STM32G411R8T6, STM32G411RBT3, STM32G411RBT6, STM32G414CBT3, STM32G414CBT6, STM32G414CBU3, STM32G414CBU6, STM32G414CCT3, STM32G414CCT6, STM32G414CCU3, STM32G414CCU6, STM32G414MBT3, STM32G414MBT6, STM32G414MCT3, STM32G414MCT6, STM32G414RBT3, STM32G414RBT6, STM32G414RCT3, STM32G414RCT6, STM32G414VBT3, STM32G414VBT6, STM32G414VCT3, STM32G414VCT6, STM32G431CBT3Z, STM32G431RBT3Z, STM32G471CCT6, STM32G471CCU6, STM32G471CET3, STM32G471CET6, STM32G471CEU3, STM32G471CEU6, STM32G471MCT6, STM32G471MET3, STM32G471MET6, STM32G471MEY6TR, STM32G471QCT6, STM32G471QET3, STM32G471RCT6, STM32G471RET3, STM32G471RET6, STM32G471VCH6, STM32G471VCI6, STM32G471VCT6, STM32G471VEH3, STM32G471VEH6, STM32G471VEI3, STM32G471VEI6, STM32G471VET3, STM32G471VET6, STM32G473QET3Z, STM32G473RET3Z, STM32G474CCT6, STM32G491RET3Z, STM32H503CBT6, STM32H503CBU6, STM32H503EBY6TR, STM32H503KBU6, STM32H503RBT6, STM32H523CCT6, STM32H523CCU6, STM32H523CET6, STM32H523CEU6, STM32H523HEY6TR, STM32H523RCT6, STM32H523RET6, STM32H523VCI6, STM32H523VCT6, STM32H523VEI6, STM32H523VET6, STM32H523ZCJ6, STM32H523ZCT6, STM32H523ZEJ6, STM32H523ZET6, STM32H533CET6, STM32H533CEU6, STM32H533HEY6TR, STM32H533RET6, STM32H533VEI6, STM32H533VET6, STM32H533ZEJ6, STM32H533ZET6, STM32H562AGI6, STM32H562AII6, STM32H562IGK6, STM32H562IGT6, STM32H562IIK6, STM32H562IIT6, STM32H562RGT6, STM32H562RGV6, STM32H562RIT6, STM32H562RIV6, STM32H562VGT6, STM32H562VIT6, STM32H562ZGT6, STM32H562ZIT6, STM32H563AGI6, STM32H563AII3Q, STM32H563AII6, STM32H563IGK6, STM32H563IGT6, STM32H563IIK3Q, STM32H563IIK6, STM32H563IIT3Q, STM32H563IIT6, STM32H563MIY3QTR, STM32H563RGT6, STM32H563RGV6, STM32H563RIT6, STM32H563RIV6, STM32H563VGT6, STM32H563VIT3Q, STM32H563VIT6, STM32H563ZGT6, STM32H563ZIT3Q, STM32H563ZIT6, STM32H573AII3Q, STM32H573AII6, STM32H573I-DK, STM32H573IIK3Q, STM32H573IIK6, STM32H573IIT3Q, STM32H573IIT6, STM32H573MIY3QTR, STM32H573RIT6, STM32H573RIV6, STM32H573VIT3Q, STM32H573VIT6, STM32H573ZIT3Q, STM32H573ZIT6, STM32H7R3A8I6, STM32H7R3I8K6, STM32H7R3I8T6, STM32H7R3L8H6, STM32H7R3L8H6H, STM32H7R3R8V6, STM32H7R3V8H6, STM32H7R3V8T6, STM32H7R3V8Y6TR, STM32H7R3Z8J6, STM32H7R3Z8T6, STM32H7R7A8I6, STM32H7R7I8K6, STM32H7R7I8T6, STM32H7R7L8H6, STM32H7R7L8H6H, STM32H7R7Z8J6, STM32H7S3A8I6, STM32H7S3I8K6, STM32H7S3I8T6, STM32H7S3L8H6, STM32H7S3L8H6H, STM32H7S3R8V6, STM32H7S3V8H6, STM32H7S3V8T6, STM32H7S3V8Y6TR, STM32H7S3Z8J6, STM32H7S3Z8T6, STM32H7S78-DK, STM32H7S7A8I6, STM32H7S7I8K6, STM32H7S7I8T6, STM32H7S7L8H6, STM32H7S7L8H6H, STM32H7S7Z8J6, STM32L4R5QGI6STR, STM32MP131AAE3, STM32MP131AAF3, STM32MP131AAG3, STM32MP131CAE3, STM32MP131CAF3, STM32MP131CAG3, STM32MP131DAE7, STM32MP131DAF7, STM32MP131DAG7, STM32MP131FAE7, STM32MP131FAF7, STM32MP131FAG7, STM32MP133AAE3, STM32MP133AAF3, STM32MP133AAG3, STM32MP133CAE3, STM32MP133CAF3, STM32MP133CAG3, STM32MP133DAE7, STM32MP133DAF7, STM32MP133DAG7, STM32MP133FAE7, STM32MP133FAF7, STM32MP133FAG7, STM32MP135AAE3, STM32MP135AAF3, STM32MP135AAG3, STM32MP135CAE3, STM32MP135CAF3, STM32MP135CAG3, STM32MP135DAE7, STM32MP135DAF7, STM32MP135DAG7, STM32MP135F-DK, STM32MP135FAE7, STM32MP135FAF7, STM32MP135FAF7T, STM32MP135FAF7U, STM32MP135FAG7, STM32MP211AAL3, STM32MP211AAM3, STM32MP211AAN3, STM32MP211AAO3, STM32MP211CAL3, STM32MP211CAM3, STM32MP211CAN3, STM32MP211CAO3, STM32MP211DAL3, STM32MP211DAM3, STM32MP211DAN3, STM32MP211DAO3, STM32MP211FAL3, STM32MP211FAM3, STM32MP211FAN3, STM32MP211FAO3, STM32MP213AAL3, STM32MP213AAM3, STM32MP213AAN3, STM32MP213AAO3, STM32MP213CAL3, STM32MP213CAM3, STM32MP213CAN3, STM32MP213CAO3, STM32MP213DAL3, STM32MP213DAM3, STM32MP213DAN3, STM32MP213DAO3, STM32MP213FAL3, STM32MP213FAM3, STM32MP213FAN3, STM32MP213FAO3, STM32MP215AAL3, STM32MP215AAM3, STM32MP215AAN3, STM32MP215AAO3, STM32MP215CAL3, STM32MP215CAM3, STM32MP215CAN3, STM32MP215CAO3, STM32MP215DAL3, STM32MP215DAM3, STM32MP215DAN3, STM32MP215DAO3, STM32MP215F-DK, STM32MP215FAL3, STM32MP215FAM3, STM32MP215FAN3, STM32MP215FAO3, STM32MP231AAJ3, STM32MP231AAK3, STM32MP231AAL3, STM32MP231CAJ3, STM32MP231CAK3, STM32MP231CAL3, STM32MP231DAJ3, STM32MP231DAK3, STM32MP231DAL3, STM32MP231FAJ3, STM32MP231FAK3, STM32MP231FAL3, STM32MP233AAJ3, STM32MP233AAK3, STM32MP233AAL3, STM32MP233CAJ3, STM32MP233CAK3, STM32MP233CAL3, STM32MP233DAJ3, STM32MP233DAK3, STM32MP233DAL3, STM32MP233FAJ3, STM32MP233FAK3, STM32MP233FAL3, STM32MP235AAJ3, STM32MP235AAK3, STM32MP235AAL3, STM32MP235CAJ3, STM32MP235CAK3, STM32MP235CAL3, STM32MP235DAJ3, STM32MP235DAK3, STM32MP235DAL3, STM32MP235FAJ3, STM32MP235FAK3, STM32MP235FAL3, STM32MP251AAI3, STM32MP251AAK3, STM32MP251AAL3, STM32MP251CAI3, STM32MP251CAK3, STM32MP251CAL3, STM32MP251DAI3, STM32MP251DAK3, STM32MP251DAL3, STM32MP251FAI3, STM32MP251FAK3, STM32MP251FAL3, STM32MP253AAI3, STM32MP253AAK3, STM32MP253AAL3, STM32MP253CAI3, STM32MP253CAK3, STM32MP253CAL3, STM32MP253DAI3, STM32MP253DAK3, STM32MP253DAL3, STM32MP253FAI3, STM32MP253FAK3, STM32MP253FAL3, STM32MP255AAI3, STM32MP255AAK3, STM32MP255AAL3, STM32MP255CAI3, STM32MP255CAK3, STM32MP255CAL3, STM32MP255DAI3, STM32MP255DAK3, STM32MP255DAL3, STM32MP255FAI3, STM32MP255FAK3, STM32MP255FAL3, STM32MP257AAI3, STM32MP257AAK3, STM32MP257AAL3, STM32MP257CAI3, STM32MP257CAK3, STM32MP257CAL3, STM32MP257DAI3, STM32MP257DAK3, STM32MP257DAL3, STM32MP257F-DK, STM32MP257F-EV1, STM32MP257FAI3, STM32MP257FAK3, STM32MP257FAL3, STM32N645A0H3Q, STM32N645B0H3Q, STM32N645I0H3Q, STM32N645L0H3Q, STM32N645X0H3Q, STM32N645Z0H3Q, STM32N647A0H3Q, STM32N647B0H3Q, STM32N647I0H3Q, STM32N647L0H3Q, STM32N647X0H3Q, STM32N647Z0H3Q, STM32N655A0H3Q, STM32N655B0H3Q, STM32N655I0H3Q, STM32N655L0H3Q, STM32N655X0H3Q, STM32N655Z0H3Q, STM32N6570-DK, STM32N657A0H3Q, STM32N657B0H3Q, STM32N657I0H3Q, STM32N657L0H3Q, STM32N657X0H3Q, STM32N657Z0H3Q, STM32U031C6T6, STM32U031C6U6, STM32U031C8T6, STM32U031C8U6, STM32U031F4P6, STM32U031F6P6, STM32U031F8P6, STM32U031G6Y6TR, STM32U031G8Y6TR, STM32U031K4U6, STM32U031K6U6, STM32U031K8U6, STM32U031R6I6, STM32U031R6T6, STM32U031R8I6, STM32U031R8T6, STM32U073C8T6, STM32U073C8U6, STM32U073CBT6, STM32U073CBU6, STM32U073CCT6, STM32U073CCU6, STM32U073H8Y6TR, STM32U073HBY6TR, STM32U073HCY6TR, STM32U073K8U6, STM32U073KBU6, STM32U073KCU6, STM32U073M8I6, STM32U073M8T6, STM32U073MBI6, STM32U073MBT6, STM32U073MCI6, STM32U073MCT6, STM32U073R8I6, STM32U073R8T6, STM32U073RBI6, STM32U073RBT6, STM32U073RCI6, STM32U073RCT6, STM32U083C-DK, STM32U083CCT6, STM32U083CCU6, STM32U083HCY6TR, STM32U083KCU6, STM32U083MCI6, STM32U083MCT6, STM32U083RCI6, STM32U083RCT6, STM32U375CET6, STM32U375CET6Q, STM32U375CEU6, STM32U375CEU6Q, STM32U375CEY6QTR, STM32U375CGT6, STM32U375CGT6Q, STM32U375CGU6, STM32U375CGU6Q, STM32U375CGY6QTR, STM32U375KEU6, STM32U375KGU6, STM32U375REI6, STM32U375REI6Q, STM32U375RET6, STM32U375RET6Q, STM32U375REY6GTR, STM32U375REY6QTR, STM32U375RGI6, STM32U375RGI6Q, STM32U375RGT6, STM32U375RGT6Q, STM32U375RGY6GTR, STM32U375RGY6QTR, STM32U375VEI6, STM32U375VEI6Q, STM32U375VET6, STM32U375VET6Q, STM32U375VGI6, STM32U375VGI6Q, STM32U375VGT6, STM32U375VGT6Q, STM32U385CGT6, STM32U385CGT6Q, STM32U385CGU6, STM32U385CGU6Q, STM32U385CGY6QTR, STM32U385KGU6, STM32U385RGI6, STM32U385RGI6Q, STM32U385RGT6, STM32U385RGT6Q, STM32U385RGY6GTR, STM32U385RGY6QTR, STM32U385VGI6, STM32U385VGI6Q, STM32U385VGT6, STM32U385VGT6Q, STM32U535CBT6, STM32U535CBT6Q, STM32U535CBU6, STM32U535CBU6Q, STM32U535CCT6, STM32U535CCT6Q, STM32U535CCU6, STM32U535CCU6Q, STM32U535CET6, STM32U535CET6Q, STM32U535CEU6, STM32U535CEU6Q, STM32U535JEY6QTR, STM32U535NCY6QTR, STM32U535NEY6QTR, STM32U535RBI6, STM32U535RBI6Q, STM32U535RBT6, STM32U535RBT6Q, STM32U535RCI6, STM32U535RCI6Q, STM32U535RCT6, STM32U535RCT6Q, STM32U535REI6, STM32U535REI6Q, STM32U535RET6, STM32U535RET6Q, STM32U535VCI6, STM32U535VCI6Q, STM32U535VCT6, STM32U535VCT6Q, STM32U535VEI6, STM32U535VEI6Q, STM32U535VET6, STM32U535VET6Q, STM32U545CET6, STM32U545CET6Q, STM32U545CEU6, STM32U545CEU6Q, STM32U545JEY6QTR, STM32U545NEY6QTR, STM32U545REI6, STM32U545REI6Q, STM32U545RET6, STM32U545RET6Q, STM32U545VEI6, STM32U545VEI6Q, STM32U545VET6, STM32U545VET6Q, STM32U595AIH6, STM32U595AIH6Q, STM32U595AJH6, STM32U595AJH6Q, STM32U595QII6, STM32U595QII6Q, STM32U595QJI6, STM32U595QJI6Q, STM32U595RIT6, STM32U595RIT6Q, STM32U595RJT6, STM32U595RJT6Q, STM32U595VIT6, STM32U595VIT6Q, STM32U595VJT6, STM32U595VJT6Q, STM32U595ZIT6, STM32U595ZIT6Q, STM32U595ZIY6QTR, STM32U595ZJT6, STM32U595ZJT6Q, STM32U595ZJY6QTR, STM32U599BJY6QTR, STM32U599NIH6Q, STM32U599NJH6Q, STM32U599VIT6Q, STM32U599VJT6, STM32U599VJT6Q, STM32U599ZIT6Q, STM32U599ZIY6QTR, STM32U599ZJT6Q, STM32U599ZJY6QTR, STM32U5A5AJH6, STM32U5A5AJH6Q, STM32U5A5QII3Q , STM32U5A5QJI6, STM32U5A5QJI6Q, STM32U5A5RJT6, STM32U5A5RJT6Q, STM32U5A5VJT6, STM32U5A5VJT6Q, STM32U5A5ZJT6, STM32U5A5ZJT6Q, STM32U5A5ZJY6QTR, STM32U5A9BJY6QTR, STM32U5A9J-DK, STM32U5A9NJH6Q, STM32U5A9VJT6Q, STM32U5A9ZJT6Q, STM32U5A9ZJY6QTR, STM32U5F7VIT6, STM32U5F7VIT6Q, STM32U5F7VJT6, STM32U5F7VJT6Q, STM32U5F9BJY6QTR, STM32U5F9NJH6Q, STM32U5F9VIT6Q, STM32U5F9VJT6Q, STM32U5F9ZIJ6QTR, STM32U5F9ZIT6Q, STM32U5F9ZJJ6QTR, STM32U5F9ZJT6Q, STM32U5G7VJT6, STM32U5G7VJT6Q, STM32U5G9BJY6QTR, STM32U5G9J-DK1, STM32U5G9J-DK2, STM32U5G9NJH6Q, STM32U5G9VJT6Q, STM32U5G9ZJJ6QTR, STM32U5G9ZJT6Q, STM32WB05KZV6TR, STM32WB05KZV7TR, STM32WB05TZF6TR, STM32WB05TZF7TR, STM32WB06CCF6TR, STM32WB06CCF7TR, STM32WB06CCV6TR, STM32WB06CCV7TR, STM32WB06KCV6TR, STM32WB06KCV7TR, STM32WB07CCF6TR, STM32WB07CCF7TR, STM32WB07CCV6TR, STM32WB07CCV7TR, STM32WB07KCV6TR, STM32WB07KCV7TR, STM32WB09KEV6TR, STM32WB09KEV7TR, STM32WB09TEF6TR, STM32WB09TEF7TR, STM32WB1MMCH6, STM32WBA50KGU6, STM32WBA50KGU6TR, STM32WBA52CEU6, STM32WBA52CEU6TR, STM32WBA52CEU7, STM32WBA52CEU7TR, STM32WBA52CGU6, STM32WBA52CGU6TR, STM32WBA52CGU6U, STM32WBA52CGU7, STM32WBA52CGU7TR, STM32WBA52KEU6, STM32WBA52KEU6TR, STM32WBA52KGU6, STM32WBA52KGU6TR, STM32WBA54CEU6, STM32WBA54CEU6TR, STM32WBA54CEU7, STM32WBA54CEU7TR, STM32WBA54CGU6, STM32WBA54CGU6TR, STM32WBA54CGU7, STM32WBA54CGU7TR, STM32WBA54KEU6, STM32WBA54KEU6TR, STM32WBA54KEU7, STM32WBA54KEU7TR, STM32WBA54KGU6, STM32WBA54KGU6TR, STM32WBA54KGU7, STM32WBA54KGU7TR, STM32WBA55CEU6, STM32WBA55CEU6TR, STM32WBA55CEU7, STM32WBA55CEU7TR, STM32WBA55CGU6, STM32WBA55CGU6TR, STM32WBA55CGU6U, STM32WBA55CGU7, STM32WBA55CGU7TR, STM32WBA55G-DK1, STM32WBA55HEF6, STM32WBA55HEF7, STM32WBA55HGF6, STM32WBA55HGF7, STM32WBA55UEI6, STM32WBA55UEI6TR, STM32WBA55UEI7, STM32WBA55UEI7TR, STM32WBA55UGI6, STM32WBA55UGI6TR, STM32WBA55UGI7, STM32WBA55UGI7TR, STM32WBA5MMGH6TR, STM32WBA62MGF6, STM32WBA62MIF6, STM32WBA65MGF7, STM32WBA65MIF6, STM32WBA65MIF7, STM32WL30K8V6, STM32WL30KBV6, STM32WL31C8V6, STM32WL31CBV6, STM32WL31K8V6, STM32WL31KBV6, STM32WL33C8V6, STM32WL33C8V6X, STM32WL33CBV6, STM32WL33CBV6X, STM32WL33CCV6, STM32WL33CCV6A, STM32WL33CCV6X, STM32WL33K8V7, STM32WL33K8V7X, STM32WL33KBV7 , STM32WL33KBV7X, STM32WL33KCV7, STM32WL33KCV7X, STM32WL5MOCH6, STM32WL5MOCH6TR]
2025-11-18 21:59:17,553 [INFO] BoardInfo:889 - No configuration file found for board P-NUCLEO-WB55
2025-11-18 21:59:17,554 [INFO] DbBoards:161 - Kit is not supported: P-NUCLEO-WB55
2025-11-18 21:59:17,563 [INFO] BoardInfo:889 - No configuration file found for board STEVAL-BFA001V1B
2025-11-18 21:59:17,565 [INFO] DbBoards:161 - Kit is not supported: STEVAL-BFA001V1B
2025-11-18 21:59:17,566 [INFO] BoardInfo:889 - No configuration file found for board STEVAL-BFA001V2B
2025-11-18 21:59:17,567 [INFO] DbBoards:161 - Kit is not supported: STEVAL-BFA001V2B
2025-11-18 21:59:17,841 [INFO] DbBoards:168 - Found 212 boards, 209 are supported
2025-11-18 21:59:17,841 [INFO] DbBoards:169 - Found 212 boards, 43 of them is supported for  Bsp
2025-11-18 21:59:17,843 [INFO] ApiDb:423 - Load user favorites file C:\Users\KICHU/.stm32cubeide/favorites.boards.txt: 0 item(s)
2025-11-18 21:59:17,843 [INFO] ApiDb:427 - User favorites Boards=[]
2025-11-18 21:59:17,844 [INFO] DbBoards:198 - Set 0 / 0 favorites Boards
2025-11-18 21:59:17,844 [INFO] McuFinderGlobals:76 - Set McuFinderConnectedMode to true
2025-11-18 21:59:17,850 [INFO] MultiScanPanel:200 - Auto-refresh data requested => check proxy status ongoing
2025-11-18 21:59:17,852 [INFO] FinderPluginLoader:96 - Searching for filters in installed packs
2025-11-18 21:59:19,846 [INFO] LoadUrlFilesThread:185 - End of LoadServerUrlFiles without Thread
2025-11-18 21:59:19,863 [INFO] DetailPanel:341 - Set advertising image to C:/Users/KICHU/STM32Cube/Repository/\en.mcu-finder-preevent.jpg
2025-11-18 21:59:30,277 [INFO] McuFinderGlobals:76 - Set McuFinderConnectedMode to true
2025-11-18 21:59:31,613 [INFO] ApiDb:448 - Save user favorites file C:\Users\KICHU/.stm32cubeide/favorites.mcus.txt: 0 item(s)
2025-11-18 21:59:31,613 [INFO] ApiDb:452 - User favorites MCUs=[]
2025-11-18 21:59:52,156 [INFO] MainUpdater:2872 - connection check result : 10
2025-11-18 21:59:52,308 [INFO] McuFinderGlobals:76 - Set McuFinderConnectedMode to true
2025-11-18 21:59:52,309 [INFO] MultiScanPanel:200 - Auto-refresh data requested => check proxy status ongoing
2025-11-18 21:59:52,312 [INFO] FinderPluginLoader:96 - Searching for filters in installed packs
2025-11-18 21:59:53,781 [INFO] LoadUrlFilesThread:185 - End of LoadServerUrlFiles without Thread
2025-11-18 21:59:53,781 [INFO] DetailPanel:341 - Set advertising image to C:/Users/KICHU/STM32Cube/Repository/\en.mcu-finder-preevent.jpg
2025-11-18 22:00:13,190 [ERROR] LogOutputStream:75 - [STDERR_REDIRECT] Exception in thread "AWT-EventQueue-0" org.eclipse.swt.SWTException: Device is disposed
2025-11-18 22:00:13,192 [ERROR] LogOutputStream:75 - [STDERR_REDIRECT] 	at org.eclipse.swt.SWT.error(SWT.java:4922)
2025-11-18 22:00:13,198 [ERROR] LogOutputStream:75 - [STDERR_REDIRECT] 	at org.eclipse.swt.SWT.error(SWT.java:4837)
2025-11-18 22:00:13,204 [ERROR] LogOutputStream:75 - [STDERR_REDIRECT] 	at org.eclipse.swt.SWT.error(SWT.java:4808)
2025-11-18 22:00:13,210 [ERROR] LogOutputStream:75 - [STDERR_REDIRECT] 	at org.eclipse.swt.widgets.Display.error(Display.java:1311)
2025-11-18 22:00:13,214 [ERROR] LogOutputStream:75 - [STDERR_REDIRECT] 	at org.eclipse.swt.widgets.Display.asyncExec(Display.java:786)
2025-11-18 22:00:13,226 [ERROR] LogOutputStream:75 - [STDERR_REDIRECT] 	at com.st.stm32cube.common.mx.oss.core.awtswtbridge.AwtEnvironment$2.run(AwtEnvironment.java:168)
2025-11-18 22:00:13,230 [ERROR] LogOutputStream:75 - [STDERR_REDIRECT] 	at java.desktop/java.awt.event.InvocationEvent.dispatch(InvocationEvent.java:318)
2025-11-18 22:00:13,232 [ERROR] LogOutputStream:75 - [STDERR_REDIRECT] 	at java.desktop/java.awt.EventQueue.dispatchEventImpl(EventQueue.java:773)
2025-11-18 22:00:13,239 [ERROR] LogOutputStream:75 - [STDERR_REDIRECT] 	at java.desktop/java.awt.EventQueue$4.run(EventQueue.java:720)
2025-11-18 22:00:13,245 [ERROR] LogOutputStream:75 - [STDERR_REDIRECT] 	at java.desktop/java.awt.EventQueue$4.run(EventQueue.java:714)
2025-11-18 22:00:13,248 [ERROR] LogOutputStream:75 - [STDERR_REDIRECT] 	at java.base/java.security.AccessController.doPrivileged(AccessController.java:400)
2025-11-18 22:00:13,254 [ERROR] LogOutputStream:75 - [STDERR_REDIRECT] 	at java.base/java.security.ProtectionDomain$JavaSecurityAccessImpl.doIntersectionPrivilege(ProtectionDomain.java:87)
2025-11-18 22:00:13,260 [ERROR] LogOutputStream:75 - [STDERR_REDIRECT] 	at java.desktop/java.awt.EventQueue.dispatchEvent(EventQueue.java:742)
2025-11-18 22:00:13,267 [ERROR] LogOutputStream:75 - [STDERR_REDIRECT] 	at java.desktop/java.awt.EventDispatchThread.pumpOneEventForFilters(EventDispatchThread.java:203)
2025-11-18 22:00:13,269 [ERROR] LogOutputStream:75 - [STDERR_REDIRECT] 	at java.desktop/java.awt.EventDispatchThread.pumpEventsForFilter(EventDispatchThread.java:124)
2025-11-18 22:00:13,276 [ERROR] LogOutputStream:75 - [STDERR_REDIRECT] 	at java.desktop/java.awt.EventDispatchThread.pumpEventsForHierarchy(EventDispatchThread.java:113)
2025-11-18 22:00:13,280 [ERROR] LogOutputStream:75 - [STDERR_REDIRECT] 	at java.desktop/java.awt.EventDispatchThread.pumpEvents(EventDispatchThread.java:109)
2025-11-18 22:00:13,282 [ERROR] LogOutputStream:75 - [STDERR_REDIRECT] 	at java.desktop/java.awt.EventDispatchThread.pumpEvents(EventDispatchThread.java:101)
2025-11-18 22:00:13,287 [ERROR] LogOutputStream:75 - [STDERR_REDIRECT] 	at java.desktop/java.awt.EventDispatchThread.run(EventDispatchThread.java:90)
2025-11-18 22:00:13,518 [ERROR] LogOutputStream:75 - [STDERR_REDIRECT] 
2025-11-18 22:00:13,519 [ERROR] LogOutputStream:75 - [STDERR_REDIRECT] 
2025-11-18 22:00:25,221 [INFO] Activator:176 - 


2025-11-18 22:00:25,225 [INFO] Activator:177 - !SESSION log4j initialized
2025-11-18 22:00:31,293 [INFO] LogOutputStream:77 - [STDOUT_REDIRECT] 
2025-11-18 22:00:32,196 [INFO] ApplicationProperties:184 - Using Application install path: C:\ST\STM32CubeIDE_1.19.0\STM32CubeIDE\plugins\com.st.stm32cube.common.mx_6.15.0.202507011659
2025-11-18 22:00:32,218 [INFO] DbMcusXml:78 - Set database path to: C:\ST\STM32CubeIDE_1.19.0\STM32CubeIDE\plugins\com.st.stm32cube.common.mx_6.15.0.202507011659\\db\/mcu/
2025-11-18 22:00:32,218 [INFO] ApiDb:274 - Set plugin database path to: C:\ST\STM32CubeIDE_1.19.0\STM32CubeIDE\plugins\com.st.stm32cube.common.mx_6.15.0.202507011659\\db\/plugins/boardmanager/
2025-11-18 22:00:32,218 [WARN] ApiDb:259 - Overriding images path with different value:  => C:\ST\STM32CubeIDE_1.19.0\STM32CubeIDE\plugins\com.st.stm32cube.common.mx_6.15.0.202507011659\\db\/plugins/mcufinder/images/
2025-11-18 22:00:32,224 [INFO] ApiDb:250 - Set database path to: C:\Users\KICHU\.stmcufinder\plugins\mcufinder//mcu/
2025-11-18 22:00:32,225 [INFO] DbMcusAds:125 - Set database path to: C:\Users\KICHU\.stmcufinder\plugins\mcufinder//mcu/
2025-11-18 22:00:32,228 [INFO] CrossReferenceDbSqlite:203 - Set database path to: C:\Users\KICHU\.stmcufinder\plugins\mcufinder//mcu/cs/
2025-11-18 22:00:32,387 [INFO] RulesReader:64 - Compatibility file has been processed (317 Rules)
2025-11-18 22:00:32,496 [INFO] DbMcusXml:78 - Set database path to: C:\ST\STM32CubeIDE_1.19.0\STM32CubeIDE\plugins\com.st.stm32cube.common.mx_6.15.0.202507011659\\db\/mcu/
2025-11-18 22:00:32,496 [INFO] ApiDb:274 - Set plugin database path to: C:\ST\STM32CubeIDE_1.19.0\STM32CubeIDE\plugins\com.st.stm32cube.common.mx_6.15.0.202507011659\\db\/plugins/boardmanager/
2025-11-18 22:00:32,496 [INFO] ApiDb:261 - Set plugin images path to: C:\ST\STM32CubeIDE_1.19.0\STM32CubeIDE\plugins\com.st.stm32cube.common.mx_6.15.0.202507011659\\db\/plugins/mcufinder/images/
2025-11-18 22:00:32,496 [WARN] DbFile:41 - Overriding database path with different value: C:\Users\KICHU\.stmcufinder\plugins\mcufinder/ => C:\Users\KICHU\.stmcufinder\plugins\mcufinder
2025-11-18 22:00:32,496 [INFO] ApiDb:250 - Set database path to: C:\Users\KICHU\.stmcufinder\plugins\mcufinder//mcu/
2025-11-18 22:00:32,497 [WARN] DbFile:41 - Overriding database path with different value: C:\Users\KICHU\.stmcufinder\plugins\mcufinder/ => C:\Users\KICHU\.stmcufinder\plugins\mcufinder
2025-11-18 22:00:32,497 [INFO] DbMcusAds:125 - Set database path to: C:\Users\KICHU\.stmcufinder\plugins\mcufinder//mcu/
2025-11-18 22:00:32,497 [WARN] DbFile:41 - Overriding database path with different value: C:\Users\KICHU\.stmcufinder\plugins\mcufinder/ => C:\Users\KICHU\.stmcufinder\plugins\mcufinder
2025-11-18 22:00:32,497 [WARN] DbFile:41 - Overriding database path with different value: C:\Users\KICHU\.stmcufinder\plugins\mcufinder/ => C:\Users\KICHU\.stmcufinder\plugins\mcufinder
2025-11-18 22:00:32,497 [INFO] CrossReferenceDbSqlite:203 - Set database path to: C:\Users\KICHU\.stmcufinder\plugins\mcufinder//mcu/cs/
2025-11-18 22:00:32,585 [INFO] MainPanel:274 - HeapMemory: 268435456
2025-11-18 22:00:32,683 [INFO] DbMcusXml:78 - Set database path to: C:\ST\STM32CubeIDE_1.19.0\STM32CubeIDE\plugins\com.st.stm32cube.common.mx_6.15.0.202507011659\\db\/mcu/
2025-11-18 22:00:32,684 [INFO] ApiDb:274 - Set plugin database path to: C:\ST\STM32CubeIDE_1.19.0\STM32CubeIDE\plugins\com.st.stm32cube.common.mx_6.15.0.202507011659\\db\/plugins/boardmanager/
2025-11-18 22:00:32,684 [INFO] ApiDb:261 - Set plugin images path to: C:\ST\STM32CubeIDE_1.19.0\STM32CubeIDE\plugins\com.st.stm32cube.common.mx_6.15.0.202507011659\\db\/plugins/mcufinder/images/
2025-11-18 22:00:32,684 [WARN] DbFile:41 - Overriding database path with different value: C:\Users\KICHU\.stmcufinder\plugins\mcufinder/ => C:\Users\KICHU\.stmcufinder\plugins\mcufinder
2025-11-18 22:00:32,684 [INFO] ApiDb:250 - Set database path to: C:\Users\KICHU\.stmcufinder\plugins\mcufinder//mcu/
2025-11-18 22:00:32,685 [WARN] DbFile:41 - Overriding database path with different value: C:\Users\KICHU\.stmcufinder\plugins\mcufinder/ => C:\Users\KICHU\.stmcufinder\plugins\mcufinder
2025-11-18 22:00:32,685 [INFO] DbMcusAds:125 - Set database path to: C:\Users\KICHU\.stmcufinder\plugins\mcufinder//mcu/
2025-11-18 22:00:32,685 [WARN] DbFile:41 - Overriding database path with different value: C:\Users\KICHU\.stmcufinder\plugins\mcufinder/ => C:\Users\KICHU\.stmcufinder\plugins\mcufinder
2025-11-18 22:00:32,685 [WARN] DbFile:41 - Overriding database path with different value: C:\Users\KICHU\.stmcufinder\plugins\mcufinder/ => C:\Users\KICHU\.stmcufinder\plugins\mcufinder
2025-11-18 22:00:32,685 [INFO] CrossReferenceDbSqlite:203 - Set database path to: C:\Users\KICHU\.stmcufinder\plugins\mcufinder//mcu/cs/
2025-11-18 22:00:32,705 [INFO] ApplicationProperties:184 - Using Application install path: C:\ST\STM32CubeIDE_1.19.0\STM32CubeIDE\plugins\com.st.stm32cube.common.mx_6.15.0.202507011659
2025-11-18 22:00:32,707 [INFO] PluginManage:196 - Search for loadable plugins [exclusion list=, ]
2025-11-18 22:00:32,708 [INFO] PluginManage:310 - Check plugin analytics
2025-11-18 22:00:32,966 [INFO] AnalyticsPlugin:253 - Accepted Software Licenses: 
2025-11-18 22:00:32,966 [INFO] AnalyticsPlugin:255 - Accepted CMSIS Pack Licenses: 
2025-11-18 22:00:32,967 [INFO] AnalyticsPlugin:257 - Accepted Firmware Licenses: 
2025-11-18 22:00:32,970 [INFO] PluginManage:359 - Loaded plugin analytics (category:tool,tabindex:-1)
2025-11-18 22:00:32,971 [INFO] PluginManage:310 - Check plugin cadmodel
2025-11-18 22:00:32,977 [INFO] CADModel:105 - Init CAD model plugin
2025-11-18 22:00:32,977 [INFO] PluginManage:359 - Loaded plugin cadmodel (category:power,tabindex:5)
2025-11-18 22:00:32,978 [INFO] PluginManage:310 - Check plugin clock
2025-11-18 22:00:32,991 [INFO] PluginManage:359 - Loaded plugin clock (category:base,tabindex:2)
2025-11-18 22:00:32,991 [INFO] PluginManage:310 - Check plugin ddr
2025-11-18 22:00:32,994 [INFO] PluginManage:359 - Loaded plugin ddr (category:tool,tabindex:6)
2025-11-18 22:00:32,995 [INFO] PluginManage:310 - Check plugin filemanager
2025-11-18 22:00:33,208 [INFO] PluginManage:359 - Loaded plugin filemanager (category:base,tabindex:10)
2025-11-18 22:00:33,209 [INFO] PluginManage:310 - Check plugin ipmanager
2025-11-18 22:00:33,218 [INFO] PluginManage:359 - Loaded plugin ipmanager (category:base,tabindex:5)
2025-11-18 22:00:33,219 [INFO] PluginManage:310 - Check plugin lpbam
2025-11-18 22:00:33,232 [INFO] PluginManage:359 - Loaded plugin lpbam (category:base,tabindex:0)
2025-11-18 22:00:33,232 [INFO] PluginManage:310 - Check plugin memorymap
2025-11-18 22:00:33,252 [INFO] PluginManage:359 - Loaded plugin memorymap (category:base,tabindex:4)
2025-11-18 22:00:33,252 [INFO] PluginManage:310 - Check plugin pinoutandconfiguration
2025-11-18 22:00:33,265 [INFO] PluginManage:359 - Loaded plugin pinoutandconfiguration (category:base,tabindex:1)
2025-11-18 22:00:33,265 [INFO] PluginManage:310 - Check plugin pinoutconfig
2025-11-18 22:00:33,390 [WARN] SupportedApi:132 - Cannot load RTOS API schema: s4s-elt-must-match.1: The content of 'definitions' must match (annotation?, (simpleType | complexType)?, (unique | key | keyref)*)). A problem was found starting at: attribute.
2025-11-18 22:00:33,581 [INFO] PluginManage:359 - Loaded plugin pinoutconfig (category:base,tabindex:0)
2025-11-18 22:00:33,582 [INFO] PluginManage:310 - Check plugin power
2025-11-18 22:00:33,593 [INFO] PluginManage:359 - Loaded plugin power (category:power,tabindex:4)
2025-11-18 22:00:33,593 [INFO] PluginManage:310 - Check plugin projectmanager
2025-11-18 22:00:33,616 [INFO] PluginManage:359 - Loaded plugin projectmanager (category:projectmanager,tabindex:4)
2025-11-18 22:00:33,616 [INFO] PluginManage:310 - Check plugin rif
2025-11-18 22:00:33,629 [INFO] PluginManage:359 - Loaded plugin rif (category:base,tabindex:3)
2025-11-18 22:00:33,630 [INFO] PluginManage:310 - Check plugin thirdparty
2025-11-18 22:00:33,800 [INFO] PluginManage:359 - Loaded plugin thirdparty (category:base,tabindex:-1)
2025-11-18 22:00:33,800 [WARN] IntegrityCheckThread:84 - waiting for thirdparty lock release [integrity check]
2025-11-18 22:00:33,800 [INFO] PluginManage:310 - Check plugin tools
2025-11-18 22:00:33,800 [INFO] IntegrityCheckThread:86 - entering critical section [integrity check]
2025-11-18 22:00:33,801 [INFO] ThirdPartyUpdaterWithRetryManager:70 - Updater plugin not ready yet. [1/15]
2025-11-18 22:00:33,803 [INFO] PluginManage:359 - Loaded plugin tools (category:base,tabindex:7)
2025-11-18 22:00:33,804 [INFO] PluginManage:310 - Check plugin tutovideos
2025-11-18 22:00:33,991 [INFO] PluginManage:359 - Loaded plugin tutovideos (category:base,tabindex:-1)
2025-11-18 22:00:33,991 [INFO] PluginManage:310 - Check plugin updater
2025-11-18 22:00:34,010 [INFO] PluginManage:359 - Loaded plugin updater (category:base,tabindex:12)
2025-11-18 22:00:34,011 [INFO] PluginManage:310 - Check plugin userauth
2025-11-18 22:00:34,014 [INFO] UserAuth:118 - Init User Auth plugin
2025-11-18 22:00:34,015 [INFO] PluginManage:359 - Loaded plugin userauth (category:base,tabindex:14)
2025-11-18 22:00:34,016 [INFO] PluginManage:283 - PluginManage : Loaded plugins [18]
2025-11-18 22:00:34,217 [INFO] PinOutPanel:1589 - setPackage(No Configuration,No Configuration)
2025-11-18 22:00:34,303 [INFO] CADModel:165 - CPN selected for project level
2025-11-18 22:00:34,303 [INFO] CADModel:114 - Register for checkConnection events
2025-11-18 22:00:34,319 [INFO] IPUIPlugin:80 - create IPUIPlugin
2025-11-18 22:00:34,319 [INFO] PluginManager:220 - loadIPPluginJar : add adc
2025-11-18 22:00:34,322 [INFO] IPUIPlugin:80 - create IPUIPlugin
2025-11-18 22:00:34,322 [INFO] PluginManager:220 - loadIPPluginJar : add aes
2025-11-18 22:00:34,325 [INFO] IPUIPlugin:80 - create IPUIPlugin
2025-11-18 22:00:34,325 [INFO] PluginManager:220 - loadIPPluginJar : add can
2025-11-18 22:00:34,327 [INFO] IPUIPlugin:80 - create IPUIPlugin
2025-11-18 22:00:34,328 [INFO] PluginManager:220 - loadIPPluginJar : add comp
2025-11-18 22:00:34,330 [INFO] IPUIPlugin:80 - create IPUIPlugin
2025-11-18 22:00:34,330 [INFO] PluginManager:220 - loadIPPluginJar : add cryp
2025-11-18 22:00:34,333 [INFO] IPUIPlugin:80 - create IPUIPlugin
2025-11-18 22:00:34,333 [INFO] PluginManager:220 - loadIPPluginJar : add ddr_ctrl_phy
2025-11-18 22:00:34,335 [INFO] IPUIPlugin:80 - create IPUIPlugin
2025-11-18 22:00:34,335 [INFO] PluginManager:220 - loadIPPluginJar : add dfsdm
2025-11-18 22:00:34,341 [INFO] IPUIPlugin:80 - create IPUIPlugin
2025-11-18 22:00:34,341 [INFO] PluginManager:220 - loadIPPluginJar : add dma
2025-11-18 22:00:34,343 [INFO] IPUIPlugin:80 - create IPUIPlugin
2025-11-18 22:00:34,344 [INFO] PluginManager:220 - loadIPPluginJar : add dma3
2025-11-18 22:00:34,346 [INFO] IPUIPlugin:80 - create IPUIPlugin
2025-11-18 22:00:34,346 [INFO] PluginManager:220 - loadIPPluginJar : add extmemmanager
2025-11-18 22:00:34,348 [INFO] IPUIPlugin:80 - create IPUIPlugin
2025-11-18 22:00:34,348 [INFO] PluginManager:220 - loadIPPluginJar : add fatfs
2025-11-18 22:00:34,352 [INFO] IPUIPlugin:80 - create IPUIPlugin
2025-11-18 22:00:34,352 [INFO] PluginManager:220 - loadIPPluginJar : add fmc
2025-11-18 22:00:34,357 [INFO] IPUIPlugin:80 - create IPUIPlugin
2025-11-18 22:00:34,358 [INFO] PluginManager:220 - loadIPPluginJar : add freertos
2025-11-18 22:00:34,359 [INFO] IPUIPlugin:80 - create IPUIPlugin
2025-11-18 22:00:34,359 [INFO] PluginManager:220 - loadIPPluginJar : add genericplugin
2025-11-18 22:00:34,361 [INFO] IPUIPlugin:80 - create IPUIPlugin
2025-11-18 22:00:34,361 [INFO] PluginManager:220 - loadIPPluginJar : add gfxmmu
2025-11-18 22:00:34,366 [INFO] IPUIPlugin:80 - create IPUIPlugin
2025-11-18 22:00:34,366 [INFO] PluginManager:220 - loadIPPluginJar : add gic
2025-11-18 22:00:34,370 [INFO] IPUIPlugin:80 - create IPUIPlugin
2025-11-18 22:00:34,370 [INFO] PluginManager:220 - loadIPPluginJar : add gpio
2025-11-18 22:00:34,373 [INFO] IPUIPlugin:80 - create IPUIPlugin
2025-11-18 22:00:34,373 [INFO] PluginManager:220 - loadIPPluginJar : add gtzc
2025-11-18 22:00:34,375 [INFO] IPUIPlugin:80 - create IPUIPlugin
2025-11-18 22:00:34,375 [INFO] PluginManager:220 - loadIPPluginJar : add hash
2025-11-18 22:00:34,378 [INFO] IPUIPlugin:80 - create IPUIPlugin
2025-11-18 22:00:34,378 [INFO] PluginManager:220 - loadIPPluginJar : add i2c
2025-11-18 22:00:34,380 [INFO] IPUIPlugin:80 - create IPUIPlugin
2025-11-18 22:00:34,380 [INFO] PluginManager:220 - loadIPPluginJar : add i2s
2025-11-18 22:00:34,383 [INFO] IPUIPlugin:80 - create IPUIPlugin
2025-11-18 22:00:34,383 [INFO] PluginManager:220 - loadIPPluginJar : add i3c
2025-11-18 22:00:34,386 [INFO] IPUIPlugin:80 - create IPUIPlugin
2025-11-18 22:00:34,387 [INFO] PluginManager:220 - loadIPPluginJar : add ipddr
2025-11-18 22:00:34,393 [INFO] IPUIPlugin:80 - create IPUIPlugin
2025-11-18 22:00:34,393 [INFO] PluginManager:220 - loadIPPluginJar : add linkedlist
2025-11-18 22:00:34,397 [INFO] IPUIPlugin:80 - create IPUIPlugin
2025-11-18 22:00:34,397 [INFO] PluginManager:220 - loadIPPluginJar : add lorawan
2025-11-18 22:00:34,398 [INFO] IPUIPlugin:80 - create IPUIPlugin
2025-11-18 22:00:34,398 [INFO] PluginManager:220 - loadIPPluginJar : add ltdc
2025-11-18 22:00:34,404 [INFO] IPUIPlugin:80 - create IPUIPlugin
2025-11-18 22:00:34,405 [INFO] PluginManager:220 - loadIPPluginJar : add mdma
2025-11-18 22:00:34,412 [INFO] IPUIPlugin:80 - create IPUIPlugin
2025-11-18 22:00:34,412 [INFO] PluginManager:220 - loadIPPluginJar : add nvic
2025-11-18 22:00:34,415 [INFO] IPUIPlugin:80 - create IPUIPlugin
2025-11-18 22:00:34,415 [INFO] PluginManager:220 - loadIPPluginJar : add opamp
2025-11-18 22:00:34,419 [INFO] IPUIPlugin:80 - create IPUIPlugin
2025-11-18 22:00:34,419 [INFO] PluginManager:220 - loadIPPluginJar : add openamp
2025-11-18 22:00:34,422 [INFO] IPUIPlugin:80 - create IPUIPlugin
2025-11-18 22:00:34,422 [INFO] PluginManager:220 - loadIPPluginJar : add pdm2pcm
2025-11-18 22:00:34,429 [INFO] IPUIPlugin:80 - create IPUIPlugin
2025-11-18 22:00:34,431 [INFO] PluginManager:220 - loadIPPluginJar : add plateformsettings
2025-11-18 22:00:34,433 [INFO] IPUIPlugin:80 - create IPUIPlugin
2025-11-18 22:00:34,433 [INFO] PluginManager:220 - loadIPPluginJar : add quadspi
2025-11-18 22:00:34,434 [INFO] IPUIPlugin:80 - create IPUIPlugin
2025-11-18 22:00:34,435 [INFO] PluginManager:220 - loadIPPluginJar : add radio
2025-11-18 22:00:34,439 [INFO] IPUIPlugin:80 - create IPUIPlugin
2025-11-18 22:00:34,439 [INFO] PluginManager:220 - loadIPPluginJar : add resmgrutility
2025-11-18 22:00:34,442 [INFO] IPUIPlugin:80 - create IPUIPlugin
2025-11-18 22:00:34,442 [INFO] PluginManager:220 - loadIPPluginJar : add sai
2025-11-18 22:00:34,445 [INFO] IPUIPlugin:80 - create IPUIPlugin
2025-11-18 22:00:34,445 [INFO] PluginManager:220 - loadIPPluginJar : add spi
2025-11-18 22:00:34,451 [INFO] IPUIPlugin:80 - create IPUIPlugin
2025-11-18 22:00:34,452 [INFO] PluginManager:220 - loadIPPluginJar : add stm32_wpan
2025-11-18 22:00:34,453 [INFO] IPUIPlugin:80 - create IPUIPlugin
2025-11-18 22:00:34,453 [INFO] PluginManager:220 - loadIPPluginJar : add tim
2025-11-18 22:00:34,456 [INFO] IPUIPlugin:80 - create IPUIPlugin
2025-11-18 22:00:34,457 [INFO] PluginManager:220 - loadIPPluginJar : add touchsensing
2025-11-18 22:00:34,459 [INFO] IPUIPlugin:80 - create IPUIPlugin
2025-11-18 22:00:34,459 [INFO] PluginManager:220 - loadIPPluginJar : add tracer_emb
2025-11-18 22:00:34,461 [INFO] IPUIPlugin:80 - create IPUIPlugin
2025-11-18 22:00:34,462 [INFO] PluginManager:220 - loadIPPluginJar : add ts
2025-11-18 22:00:34,464 [INFO] IPUIPlugin:80 - create IPUIPlugin
2025-11-18 22:00:34,464 [INFO] PluginManager:220 - loadIPPluginJar : add tsc
2025-11-18 22:00:34,466 [INFO] IPUIPlugin:80 - create IPUIPlugin
2025-11-18 22:00:34,466 [INFO] PluginManager:220 - loadIPPluginJar : add ucpd
2025-11-18 22:00:34,469 [INFO] IPUIPlugin:80 - create IPUIPlugin
2025-11-18 22:00:34,469 [INFO] PluginManager:220 - loadIPPluginJar : add usart
2025-11-18 22:00:34,472 [INFO] IPUIPlugin:80 - create IPUIPlugin
2025-11-18 22:00:34,472 [INFO] PluginManager:220 - loadIPPluginJar : add usbx
2025-11-18 22:00:34,599 [FATAL] Updater:351 - Updater called before beeing initialized
2025-11-18 22:00:34,627 [INFO] RulesReader:64 - Compatibility file has been processed (317 Rules)
2025-11-18 22:00:34,642 [INFO] RulesReader:64 - Compatibility file has been processed (317 Rules)
2025-11-18 22:00:34,650 [INFO] CADModel:165 - CPN selected for project level
2025-11-18 22:00:34,650 [INFO] CADModel:114 - Register for checkConnection events
2025-11-18 22:00:34,650 [FATAL] Updater:351 - Updater called before beeing initialized
2025-11-18 22:00:34,650 [ERROR] CADModel:125 - Updater not yet initialized, retry later 
2025-11-18 22:00:34,786 [FATAL] Updater:351 - Updater called before beeing initialized
2025-11-18 22:00:34,787 [INFO] CADModel:165 - CPN selected for project level
2025-11-18 22:00:34,787 [INFO] CADModel:114 - Register for checkConnection events
2025-11-18 22:00:34,787 [FATAL] Updater:351 - Updater called before beeing initialized
2025-11-18 22:00:34,788 [ERROR] CADModel:125 - Updater not yet initialized, retry later 
2025-11-18 22:00:34,791 [FATAL] Updater:351 - Updater called before beeing initialized
2025-11-18 22:00:34,897 [FATAL] Updater:351 - Updater called before beeing initialized
2025-11-18 22:00:34,902 [INFO] DbMcusAds:53 - JSON generation date=Mon Nov 10 16:13:01 IST 2025 (1762771381096)
2025-11-18 22:00:34,902 [FATAL] Updater:351 - Updater called before beeing initialized
2025-11-18 22:00:34,938 [WARN] DetailPanel:346 - Failed to get advertising image, set to default
2025-11-18 22:00:35,019 [FATAL] Updater:351 - Updater called before beeing initialized
2025-11-18 22:00:35,020 [FATAL] Updater:351 - Updater called before beeing initialized
2025-11-18 22:00:35,020 [FATAL] Updater:351 - Updater called before beeing initialized
2025-11-18 22:00:35,021 [WARN] DetailPanel:346 - Failed to get advertising image, set to default
2025-11-18 22:00:35,021 [FATAL] Updater:351 - Updater called before beeing initialized
2025-11-18 22:00:35,060 [ERROR] Updater:1198 - MainUpdater not yet initialized. External WinMGr cannot be set.
2025-11-18 22:00:35,061 [INFO] Updater:1134 - Updater Version found : 6.15.0
2025-11-18 22:00:35,076 [INFO] ApplicationProperties:184 - Using Application install path: C:\ST\STM32CubeIDE_1.19.0\STM32CubeIDE\plugins\com.st.stm32cube.common.mx_6.15.0.202507011659
2025-11-18 22:00:36,642 [ERROR] LogOutputStream:75 - [STDERR_REDIRECT] Nov 18, 2025 10:00:36 PM java.util.prefs.WindowsPreferences <init>
2025-11-18 22:00:36,643 [ERROR] LogOutputStream:75 - [STDERR_REDIRECT] WARNING: Could not open/create prefs root node Software\JavaSoft\Prefs at root 0xffffffff80000002. Windows RegCreateKeyEx(...) returned error code 5.
2025-11-18 22:00:36,643 [ERROR] LogOutputStream:75 - [STDERR_REDIRECT] 
2025-11-18 22:00:36,803 [INFO] ThirdPartyUpdaterWithRetryManager:70 - Updater plugin not ready yet. [2/15]
2025-11-18 22:00:36,909 [INFO] MainUpdater:2872 - connection check result : 10
2025-11-18 22:00:36,910 [INFO] MainUpdater:289 - Updater Check For Update Now.
2025-11-18 22:00:36,910 [INFO] MicroXplorer:498 - Change Database Version : DB.6.0.150
2025-11-18 22:00:36,917 [INFO] McuFinderGlobals:63 - Set McuFinder mode to 2 (CubeIDE integrated)
2025-11-18 22:00:36,917 [INFO] UserAuth:171 - activating auth plugin
2025-11-18 22:00:36,920 [INFO] UserAuth:487 - Internet connection configuration mode: 1
2025-11-18 22:00:36,941 [INFO] JxBrowserEngine:152 - Initiate JxBrowser Engine with user profile folder
2025-11-18 22:00:37,190 [INFO] CheckServerUpdateThread:120 - End of CheckServer Thread
2025-11-18 22:00:37,705 [INFO] WebApp:169 - Instantiating new browser for Auth
2025-11-18 22:00:38,513 [INFO] WebApp:463 - Apply proxy settings
2025-11-18 22:00:38,513 [INFO] WebApp:548 - Chromium requires no authentication
2025-11-18 22:00:38,523 [INFO] WebApp:491 - Direct internet connection detected
2025-11-18 22:00:38,560 [INFO] WebApp:900 - Register for checkConnection events
2025-11-18 22:00:38,560 [INFO] WebApp:463 - Apply proxy settings
2025-11-18 22:00:38,560 [INFO] WebApp:548 - Chromium requires no authentication
2025-11-18 22:00:38,561 [INFO] WebApp:491 - Direct internet connection detected
2025-11-18 22:00:38,727 [INFO] WebApp:225 - Starting web application
2025-11-18 22:00:38,727 [INFO] WebApp:593 - Web application path used C:\ST\STM32CubeIDE_1.19.0\STM32CubeIDE\plugins\com.st.stm32cube.common.mx_6.15.0.202507011659\db\plugins\mcufinder\reactClient1\index.html
2025-11-18 22:00:38,999 [INFO] WebApp:191 - Connection restablished
2025-11-18 22:00:40,087 [WARN] PackLoader:240 - Cannot read IP mode file for STMicroelectronics.FP-SNS-MOTENVWB1.1.4.0
2025-11-18 22:00:40,099 [WARN] PackLoader:240 - Cannot read IP mode file for STMicroelectronics.FP-ATR-ASTRA1.2.0.2
2025-11-18 22:00:40,113 [WARN] PackLoader:240 - Cannot read IP mode file for STMicroelectronics.X-CUBE-SMBUS.2.1.0
2025-11-18 22:00:40,121 [WARN] PackLoader:240 - Cannot read IP mode file for STMicroelectronics.X-CUBE-ST60.1.0.0
2025-11-18 22:00:40,168 [WARN] PackLoader:240 - Cannot read IP mode file for STMicroelectronics.X-CUBE-AZRTOS-F7.1.1.0
2025-11-18 22:00:40,180 [WARN] PackLoader:240 - Cannot read IP mode file for Cesanta.I-CUBE-Mongoose.7.19.0
2025-11-18 22:00:40,187 [WARN] PackLoader:240 - Cannot read IP mode file for STMicroelectronics.FP-SNS-MOTENV1.5.1.0
2025-11-18 22:00:40,204 [WARN] PackLoader:240 - Cannot read IP mode file for WES.I-CUBE-Cesium.1.4.0
2025-11-18 22:00:40,250 [WARN] PackLoader:240 - Cannot read IP mode file for Infineon.AIROC-Wi-Fi-Bluetooth-STM32.1.7.1
2025-11-18 22:00:40,295 [WARN] PackLoader:240 - Cannot read IP mode file for STMicroelectronics.X-CUBE-DISPLAY.3.0.0
2025-11-18 22:00:40,322 [WARN] PackLoader:240 - Cannot read IP mode file for STMicroelectronics.X-CUBE-NFC10.1.0.0
2025-11-18 22:00:40,338 [WARN] PackLoader:240 - Cannot read IP mode file for STMicroelectronics.X-CUBE-ST60.1.1.0
2025-11-18 22:00:40,348 [WARN] PackLoader:240 - Cannot read IP mode file for emotas.I-CUBE-CANOPEN.1.3.0
2025-11-18 22:00:40,358 [WARN] PackLoader:240 - Cannot read IP mode file for STMicroelectronics.X-CUBE-GNSS1.7.1.0
2025-11-18 22:00:40,368 [WARN] PackLoader:240 - Cannot read IP mode file for STMicroelectronics.FP-SNS-SMARTAG2.1.2.0
2025-11-18 22:00:40,374 [WARN] PackLoader:240 - Cannot read IP mode file for STMicroelectronics.FP-SNS-FLIGHT1.5.1.0
2025-11-18 22:00:40,388 [INFO] LogOutputStream:77 - [STDOUT_REDIRECT] 1 : Invalid condition id : UX_CORESTACK_Condition cause : null
2025-11-18 22:00:40,389 [INFO] LogOutputStream:77 - [STDOUT_REDIRECT] 1 : Invalid condition id : UX_CORESTACK_Condition cause : null
2025-11-18 22:00:40,391 [INFO] LogOutputStream:77 - [STDOUT_REDIRECT] 1 : Invalid condition id : UX_CORESTACK_Condition cause : null
2025-11-18 22:00:40,392 [INFO] LogOutputStream:77 - [STDOUT_REDIRECT] 1 : Invalid condition id : UX_CORESTACK_Condition cause : null
2025-11-18 22:00:40,394 [INFO] LogOutputStream:77 - [STDOUT_REDIRECT] 1 : Invalid condition id : UX_CORESTACK_Condition cause : null
2025-11-18 22:00:40,400 [WARN] PackLoader:240 - Cannot read IP mode file for STMicroelectronics.X-CUBE-AZRTOS-WL.2.0.0
2025-11-18 22:00:40,409 [WARN] PackLoader:240 - Cannot read IP mode file for STMicroelectronics.FP-SNS-MOTENV1.5.0.0
2025-11-18 22:00:40,424 [WARN] PackLoader:240 - Cannot read IP mode file for STMicroelectronics.X-CUBE-BLE2.3.3.0
2025-11-18 22:00:40,503 [WARN] PackLoader:240 - Cannot read IP mode file for STMicroelectronics.X-CUBE-NFC9.1.0.0
2025-11-18 22:00:40,529 [WARN] PackLoader:240 - Cannot read IP mode file for STMicroelectronics.X-CUBE-BLE1.7.1.0
2025-11-18 22:00:40,542 [WARN] PackLoader:240 - Cannot read IP mode file for STMicroelectronics.X-CUBE-ST67W61.1.1.0
2025-11-18 22:00:40,573 [WARN] PackLoader:240 - Cannot read IP mode file for STMicroelectronics.X-CUBE-AZRTOS-G0.1.1.0
2025-11-18 22:00:40,586 [WARN] PackLoader:240 - Cannot read IP mode file for STMicroelectronics.X-CUBE-SAFEA1.1.2.2
2025-11-18 22:00:40,597 [WARN] PackLoader:240 - Cannot read IP mode file for STMicroelectronics.X-CUBE-NFC4.3.0.0
2025-11-18 22:00:40,615 [WARN] PackLoader:240 - Cannot read IP mode file for EmbeddedOffice.I-CUBE-FS-RTOS.1.0.1
2025-11-18 22:00:40,626 [WARN] PackLoader:240 - Cannot read IP mode file for STMicroelectronics.X-CUBE-WB05N.2.0.0
2025-11-18 22:00:40,636 [WARN] PackLoader:240 - Cannot read IP mode file for STMicroelectronics.X-CUBE-TCPP.4.2.0
2025-11-18 22:00:40,648 [WARN] PackLoader:240 - Cannot read IP mode file for RealThread.X-CUBE-RT-Thread_Nano.4.1.1
2025-11-18 22:00:40,653 [WARN] PackLoader:240 - Cannot read IP mode file for STMicroelectronics.FP-ATR-SIGFOX1.3.2.0
2025-11-18 22:00:40,660 [WARN] PackLoader:240 - Cannot read IP mode file for ITTIA_DB.I-CUBE-ITTIADB.8.9.0
2025-11-18 22:00:40,667 [WARN] PackLoader:240 - Cannot read IP mode file for STMicroelectronics.X-CUBE-ST67W61.1.0.0
2025-11-18 22:00:40,702 [WARN] PackLoader:240 - Cannot read IP mode file for SEGGER.I-CUBE-embOS.1.3.1
2025-11-18 22:00:40,785 [WARN] PackLoader:240 - Cannot read IP mode file for STMicroelectronics.X-CUBE-ALGOBUILD.1.4.0
2025-11-18 22:00:40,862 [WARN] PackLoader:240 - Cannot read IP mode file for STMicroelectronics.X-CUBE-MEMS1.11.3.0
2025-11-18 22:00:41,128 [WARN] PackLoader:240 - Cannot read IP mode file for STMicroelectronics.X-CUBE-PM33A1.1.0.0
2025-11-18 22:00:41,156 [WARN] PackLoader:240 - Cannot read IP mode file for STMicroelectronics.X-CUBE-AZRTOS-F4.1.1.0
2025-11-18 22:00:41,168 [WARN] PackLoader:240 - Cannot read IP mode file for STMicroelectronics.X-CUBE-ISPU.2.1.0
2025-11-18 22:00:41,193 [WARN] PackLoader:240 - Cannot read IP mode file for STMicroelectronics.X-CUBE-IPS.3.2.0
2025-11-18 22:00:41,230 [WARN] PackLoader:240 - Cannot read IP mode file for STMicroelectronics.X-CUBE-AZRTOS-L5.2.0.0
2025-11-18 22:00:41,248 [WARN] PackLoader:240 - Cannot read IP mode file for STMicroelectronics.X-CUBE-NFC6.3.1.0
2025-11-18 22:00:41,263 [WARN] PackLoader:240 - Cannot read IP mode file for STMicroelectronics.X-CUBE-FREERTOS.1.3.1
2025-11-18 22:00:41,270 [WARN] PackLoader:240 - Cannot read IP mode file for STMicroelectronics.X-CUBE-TOUCHGFX.4.26.0
2025-11-18 22:00:41,278 [WARN] PackLoader:240 - Cannot read IP mode file for STMicroelectronics.X-CUBE-DPower.1.3.0
2025-11-18 22:00:41,316 [WARN] ConditionMgr:438 - getConditionDescription Invalid condition id : LAN8742 Phy interface Condition cause : null
2025-11-18 22:00:41,317 [WARN] PackLoader:240 - Cannot read IP mode file for STMicroelectronics.X-CUBE-AZRTOS-L4.2.0.0
2025-11-18 22:00:41,320 [WARN] ConditionMgr:1044 - genDependencies : Invalid condition id : LAN8742 Phy interface Condition cause : null
2025-11-18 22:00:41,321 [WARN] ConditionMgr:1044 - genDependencies : Invalid condition id : LAN8742 Phy interface Condition cause : null
2025-11-18 22:00:41,322 [WARN] ConditionMgr:1044 - genDependencies : Invalid condition id : LAN8742 Phy interface Condition cause : null
2025-11-18 22:00:41,334 [WARN] PackLoader:240 - Cannot read IP mode file for STMicroelectronics.X-CUBE-SFXS2LP1.4.0.0
2025-11-18 22:00:41,354 [WARN] ConditionMgr:438 - getConditionDescription Invalid condition id : UX DEVICE CLASS RTOS Condition cause : null
2025-11-18 22:00:41,355 [WARN] ConditionMgr:438 - getConditionDescription Invalid condition id : UX DEVICE CLASS RTOS Condition cause : null
2025-11-18 22:00:41,359 [WARN] PackLoader:240 - Cannot read IP mode file for STMicroelectronics.X-CUBE-AZRTOS-WB.2.0.0
2025-11-18 22:00:41,361 [WARN] ConditionMgr:1044 - genDependencies : Invalid condition id : UX DEVICE CLASS RTOS Condition cause : null
2025-11-18 22:00:41,361 [WARN] ConditionMgr:1044 - genDependencies : Invalid condition id : UX DEVICE CLASS RTOS Condition cause : null
2025-11-18 22:00:41,361 [WARN] ConditionMgr:1044 - genDependencies : Invalid condition id : UX DEVICE CLASS RTOS Condition cause : null
2025-11-18 22:00:41,362 [WARN] ConditionMgr:1044 - genDependencies : Invalid condition id : UX DEVICE CLASS RTOS Condition cause : null
2025-11-18 22:00:41,362 [WARN] ConditionMgr:1044 - genDependencies : Invalid condition id : UX DEVICE CLASS RTOS Condition cause : null
2025-11-18 22:00:41,368 [WARN] PackLoader:240 - Cannot read IP mode file for STMicroelectronics.X-CUBE-GNSS1.7.0.1
2025-11-18 22:00:41,372 [WARN] PackLoader:240 - Cannot read IP mode file for STMicroelectronics.X-CUBE-TOUCHGFX.4.25.0
2025-11-18 22:00:41,378 [WARN] ConditionMgr:438 - getConditionDescription Invalid condition id : Cortex-A Device cause : null
2025-11-18 22:00:41,390 [WARN] ConditionMgr:1044 - genDependencies : Invalid condition id : Cortex-A Device cause : null
2025-11-18 22:00:41,390 [WARN] ConditionMgr:1044 - genDependencies : Invalid condition id : Cortex-A Device cause : null
2025-11-18 22:00:41,390 [WARN] ConditionMgr:1044 - genDependencies : Invalid condition id : Cortex-A Device cause : null
2025-11-18 22:00:41,461 [WARN] PackLoader:240 - Cannot read IP mode file for STMicroelectronics.X-CUBE-SUBG2.5.0.0
2025-11-18 22:00:41,519 [WARN] PackLoader:240 - Cannot read IP mode file for STMicroelectronics.X-CUBE-AZRTOS-H7RS.1.1.0
2025-11-18 22:00:41,550 [WARN] PackLoader:240 - Cannot read IP mode file for STMicroelectronics.X-CUBE-AZRTOS-G4.2.0.0
2025-11-18 22:00:41,559 [WARN] PackLoader:240 - Cannot read IP mode file for wolfSSL.I-CUBE-wolfSSH.1.4.20
2025-11-18 22:00:41,565 [WARN] PackLoader:240 - Cannot read IP mode file for STMicroelectronics.X-CUBE-NFC7.2.0.0
2025-11-18 22:00:41,581 [WARN] PackLoader:240 - Cannot read IP mode file for STMicroelectronics.X-CUBE-IPS.3.1.0
2025-11-18 22:00:41,595 [WARN] PackLoader:240 - Cannot read IP mode file for STMicroelectronics.X-CUBE-ALS.1.0.2
2025-11-18 22:00:41,606 [WARN] PackLoader:240 - Cannot read IP mode file for STMicroelectronics.X-CUBE-STSE01.1.0.0
2025-11-18 22:00:41,623 [WARN] PackLoader:240 - Cannot read IP mode file for STMicroelectronics.X-CUBE-TOF1.3.4.3
2025-11-18 22:00:41,642 [INFO] ThirdParty:978 - Integrity check success = true
2025-11-18 22:00:41,642 [INFO] IntegrityCheckThread:100 - exiting critical section [integrity check]
2025-11-18 22:00:41,642 [INFO] IntegrityCheckThread:103 - End integrity checks thread
2025-11-18 22:00:47,085 [INFO] McuFinderGlobals:63 - Set McuFinder mode to 2 (CubeIDE integrated)
2025-11-18 22:00:47,087 [INFO] MainUpdater:2872 - connection check result : 10
2025-11-18 22:00:47,495 [INFO] ApiDb:581 - Connected to CubeFinder SQLite database (C:\Users\KICHU\.stmcufinder\plugins\mcufinder\mcu\cube-finder-db.db)
2025-11-18 22:00:47,569 [INFO] ApiDb:668 - CubeFinder database Data Model version=2.1
2025-11-18 22:00:47,569 [INFO] ApiDb:669 - CubeFinder database Configuration version=3.0.39
2025-11-18 22:00:47,570 [INFO] ApiDb:670 - CubeFinder database generation date=2025-11-05 (1762334721)
2025-11-18 22:00:47,570 [INFO] ApiDb:671 - CubeFinder database FW Pack versions=[FP-ATR-ASTRA1_V2.0.0, FP-SNS-FLIGHT1_V5.1.0, FP-SNS-MOTENV1_V5.1.0, FP-SNS-MOTENVWB1_V1.4.0, FP-SNS-SMARTAG2_V1.2.0, FP-SNS-STBOX1_V2.1.0, STM32Cube_FW_C0_V1.4.0, STM32Cube_FW_F4_V1.28.3, STM32Cube_FW_F7_V1.17.4, STM32Cube_FW_G0_V1.6.2, STM32Cube_FW_G4_V1.6.1, STM32Cube_FW_H5_V1.5.1, STM32Cube_FW_H7RS_V1.3.0, STM32Cube_FW_H7_V1.12.1, STM32Cube_FW_L0_V1.12.2, STM32Cube_FW_L4_V1.18.1, STM32Cube_FW_L5_V1.6.0, STM32Cube_FW_N6_V1.3.0, STM32Cube_FW_U0_V1.3.0, STM32Cube_FW_U3_V1.2.1, STM32Cube_FW_U5_V1.8.0, STM32Cube_FW_WB0_V1.4.0, STM32Cube_FW_WBA_V1.8.0, STM32Cube_FW_WB_V1.24.0, STM32Cube_FW_WL3_V1.3.0, STM32Cube_FW_WL_V1.4.0, X-CUBE-ALGOBUILD_V1.4.0, X-CUBE-ALS_V1.0.2, X-CUBE-AZRTOS-F4_V1.1.0, X-CUBE-AZRTOS-F7_V1.1.0, X-CUBE-AZRTOS-G0_V1.1.0, X-CUBE-AZRTOS-G4_V2.0.0, X-CUBE-AZRTOS-H7RS_V1.1.0, X-CUBE-AZRTOS-H7_V3.4.0, X-CUBE-AZRTOS-L4_V2.0.0, X-CUBE-AZRTOS-L5_V2.0.0, X-CUBE-AZRTOS-WB_V2.0.0, X-CUBE-AZRTOS-WL_V2.0.0, X-CUBE-BLE1_V7.1.0, X-CUBE-BLE2_V3.3.0, X-CUBE-BLEMGR_V4.1.0, X-CUBE-EEPRMA1_V5.2.0, X-CUBE-FREERTOS_V1.3.1, X-CUBE-GNSS1_V6.0.0, X-CUBE-MEMS1_V11.3.0, X-CUBE-NFC4_V3.0.0, X-CUBE-NFC7_V2.0.0, X-CUBE-SFXS2LP1_V4.0.0, X-CUBE-ST67W61_V1.1.0, X-CUBE-SUBG2_V5.0.0, X-CUBE-TOF1_V3.4.3]
2025-11-18 22:00:50,043 [INFO] ApiDb:240 - Found 880 in-development CPN: [B-G473E-ZEST1S, B-WB1M-WPAN1, B-WBA5M-WPAN, B-WL5M-SUBG1, NUCLEO-C031C6, NUCLEO-C051C8, NUCLEO-C071RB, NUCLEO-C092RC, NUCLEO-H503RB, NUCLEO-H533RE, NUCLEO-H563ZI, NUCLEO-H7S3L8, NUCLEO-N657X0-Q, NUCLEO-U031R8, NUCLEO-U083RC, NUCLEO-U385RG-Q, NUCLEO-U545RE-Q, NUCLEO-U5A5ZJ-Q, NUCLEO-WB05KZ, NUCLEO-WB07CC, NUCLEO-WB09KE, NUCLEO-WBA52CG, NUCLEO-WBA55CG, NUCLEO-WL33CC1, NUCLEO-WL33CC2, STEVAL-PROTEUS1, STEVAL-SMARTAG2, STEVAL-STWINBX1, STM320518-EVAL, STM32C0116-DK, STM32C011D6Y3TR, STM32C011D6Y6TR, STM32C011F4P3, STM32C011F4P6, STM32C011F4U3, STM32C011F4U6TR, STM32C011F6P3, STM32C011F6P6, STM32C011F6U3, STM32C011F6U6TR, STM32C011J4M3, STM32C011J4M6, STM32C011J6M3, STM32C011J6M6, STM32C0316-DK, STM32C031C4T3, STM32C031C4T6, STM32C031C4U3, STM32C031C4U6, STM32C031C6T3, STM32C031C6T6, STM32C031C6U3, STM32C031C6U6, STM32C031F4P3, STM32C031F4P6, STM32C031F6P3, STM32C031F6P6, STM32C031G4U3, STM32C031G4U6, STM32C031G6U3, STM32C031G6U6, STM32C031K4T3, STM32C031K4T6, STM32C031K4U3, STM32C031K4U6, STM32C031K6T3, STM32C031K6T6, STM32C031K6U3, STM32C031K6U6, STM32C051C6T6, STM32C051C6U6, STM32C051C8T6, STM32C051C8U6, STM32C051D8Y6TR, STM32C051F6P6, STM32C051F8P6, STM32C051G6U6, STM32C051G8U6, STM32C051K6T6, STM32C051K6U6, STM32C051K8T6, STM32C071C8T6, STM32C071C8T6N, STM32C071C8U6, STM32C071C8U6N, STM32C071CBT6, STM32C071CBT6N, STM32C071CBU6, STM32C071CBU6N, STM32C071F8P6, STM32C071F8P6N, STM32C071FBP6, STM32C071FBP6N, STM32C071FBY6TR, STM32C071G8U6, STM32C071G8U6N, STM32C071GBU6, STM32C071GBU6N, STM32C071K8T6, STM32C071K8T6N, STM32C071K8U6, STM32C071K8U6N, STM32C071KBT6, STM32C071KBT6N, STM32C071KBU6, STM32C071KBU6N, STM32C071R8T6, STM32C071R8T6N, STM32C071RBI6N, STM32C071RBT6, STM32C071RBT6N, STM32C091CBT6, STM32C091CBU6, STM32C091CCT6, STM32C091CCU6, STM32C091ECY6TR, STM32C091FBP6, STM32C091FCP6, STM32C091GBU6, STM32C091GCU6, STM32C091KBT6, STM32C091KBU6, STM32C091KCT6, STM32C091KCU6, STM32C091RBT6, STM32C091RCI6, STM32C091RCT6, STM32C092CBT6, STM32C092CBU6, STM32C092CCT6, STM32C092CCU6, STM32C092ECY6TR, STM32C092FBP6, STM32C092FCP6, STM32C092GBU6, STM32C092GCU6, STM32C092KBT6, STM32C092KBU6, STM32C092KCT6, STM32C092KCU6, STM32C092RBT6, STM32C092RCI6, STM32C092RCT6, STM32G071K8TXN, STM32G071K8UXN, STM32G081GBU6N, STM32G081KBT6N, STM32G081KBUXN, STM32G0B1CCT6N, STM32G0B1KCT6, STM32G0B1NEY6TR, STM32G0B1RCT6N, STM32G0C1CCT6, STM32G0C1CCT6N, STM32G0C1CCU6N, STM32G0C1CET6N, STM32G0C1CEU6N, STM32G0C1KCT6, STM32G0C1NEY6TR, STM32G0C1RCI6N, STM32G0C1RCT6N, STM32G0C1REI6N, STM32G0C1RET6N, STM32G0C1VCI6, STM32G0C1VEI6, STM32G411C6T3, STM32G411C6T6, STM32G411C6U3, STM32G411C6U6, STM32G411C8T3, STM32G411C8T6, STM32G411C8U3, STM32G411C8U6, STM32G411CBT3, STM32G411CBT6, STM32G411CBU3, STM32G411CBU6, STM32G411K6T3, STM32G411K6T6, STM32G411K6U3, STM32G411K6U6, STM32G411K8T3, STM32G411K8T6, STM32G411K8U3, STM32G411K8U6, STM32G411KBT3, STM32G411KBT6, STM32G411KBU3, STM32G411KBU6, STM32G411M6T3, STM32G411M6T6, STM32G411M8T3, STM32G411M8T6, STM32G411MBT3, STM32G411MBT6, STM32G411R6T3, STM32G411R6T6, STM32G411R8T3, STM32G411R8T6, STM32G411RBT3, STM32G411RBT6, STM32G414CBT3, STM32G414CBT6, STM32G414CBU3, STM32G414CBU6, STM32G414CCT3, STM32G414CCT6, STM32G414CCU3, STM32G414CCU6, STM32G414MBT3, STM32G414MBT6, STM32G414MCT3, STM32G414MCT6, STM32G414RBT3, STM32G414RBT6, STM32G414RCT3, STM32G414RCT6, STM32G414VBT3, STM32G414VBT6, STM32G414VCT3, STM32G414VCT6, STM32G431CBT3Z, STM32G431RBT3Z, STM32G471CCT6, STM32G471CCU6, STM32G471CET3, STM32G471CET6, STM32G471CEU3, STM32G471CEU6, STM32G471MCT6, STM32G471MET3, STM32G471MET6, STM32G471MEY6TR, STM32G471QCT6, STM32G471QET3, STM32G471RCT6, STM32G471RET3, STM32G471RET6, STM32G471VCH6, STM32G471VCI6, STM32G471VCT6, STM32G471VEH3, STM32G471VEH6, STM32G471VEI3, STM32G471VEI6, STM32G471VET3, STM32G471VET6, STM32G473QET3Z, STM32G473RET3Z, STM32G474CCT6, STM32G491RET3Z, STM32H503CBT6, STM32H503CBU6, STM32H503EBY6TR, STM32H503KBU6, STM32H503RBT6, STM32H523CCT6, STM32H523CCU6, STM32H523CET6, STM32H523CEU6, STM32H523HEY6TR, STM32H523RCT6, STM32H523RET6, STM32H523VCI6, STM32H523VCT6, STM32H523VEI6, STM32H523VET6, STM32H523ZCJ6, STM32H523ZCT6, STM32H523ZEJ6, STM32H523ZET6, STM32H533CET6, STM32H533CEU6, STM32H533HEY6TR, STM32H533RET6, STM32H533VEI6, STM32H533VET6, STM32H533ZEJ6, STM32H533ZET6, STM32H562AGI6, STM32H562AII6, STM32H562IGK6, STM32H562IGT6, STM32H562IIK6, STM32H562IIT6, STM32H562RGT6, STM32H562RGV6, STM32H562RIT6, STM32H562RIV6, STM32H562VGT6, STM32H562VIT6, STM32H562ZGT6, STM32H562ZIT6, STM32H563AGI6, STM32H563AII3Q, STM32H563AII6, STM32H563IGK6, STM32H563IGT6, STM32H563IIK3Q, STM32H563IIK6, STM32H563IIT3Q, STM32H563IIT6, STM32H563MIY3QTR, STM32H563RGT6, STM32H563RGV6, STM32H563RIT6, STM32H563RIV6, STM32H563VGT6, STM32H563VIT3Q, STM32H563VIT6, STM32H563ZGT6, STM32H563ZIT3Q, STM32H563ZIT6, STM32H573AII3Q, STM32H573AII6, STM32H573I-DK, STM32H573IIK3Q, STM32H573IIK6, STM32H573IIT3Q, STM32H573IIT6, STM32H573MIY3QTR, STM32H573RIT6, STM32H573RIV6, STM32H573VIT3Q, STM32H573VIT6, STM32H573ZIT3Q, STM32H573ZIT6, STM32H7R3A8I6, STM32H7R3I8K6, STM32H7R3I8T6, STM32H7R3L8H6, STM32H7R3L8H6H, STM32H7R3R8V6, STM32H7R3V8H6, STM32H7R3V8T6, STM32H7R3V8Y6TR, STM32H7R3Z8J6, STM32H7R3Z8T6, STM32H7R7A8I6, STM32H7R7I8K6, STM32H7R7I8T6, STM32H7R7L8H6, STM32H7R7L8H6H, STM32H7R7Z8J6, STM32H7S3A8I6, STM32H7S3I8K6, STM32H7S3I8T6, STM32H7S3L8H6, STM32H7S3L8H6H, STM32H7S3R8V6, STM32H7S3V8H6, STM32H7S3V8T6, STM32H7S3V8Y6TR, STM32H7S3Z8J6, STM32H7S3Z8T6, STM32H7S78-DK, STM32H7S7A8I6, STM32H7S7I8K6, STM32H7S7I8T6, STM32H7S7L8H6, STM32H7S7L8H6H, STM32H7S7Z8J6, STM32L4R5QGI6STR, STM32MP131AAE3, STM32MP131AAF3, STM32MP131AAG3, STM32MP131CAE3, STM32MP131CAF3, STM32MP131CAG3, STM32MP131DAE7, STM32MP131DAF7, STM32MP131DAG7, STM32MP131FAE7, STM32MP131FAF7, STM32MP131FAG7, STM32MP133AAE3, STM32MP133AAF3, STM32MP133AAG3, STM32MP133CAE3, STM32MP133CAF3, STM32MP133CAG3, STM32MP133DAE7, STM32MP133DAF7, STM32MP133DAG7, STM32MP133FAE7, STM32MP133FAF7, STM32MP133FAG7, STM32MP135AAE3, STM32MP135AAF3, STM32MP135AAG3, STM32MP135CAE3, STM32MP135CAF3, STM32MP135CAG3, STM32MP135DAE7, STM32MP135DAF7, STM32MP135DAG7, STM32MP135F-DK, STM32MP135FAE7, STM32MP135FAF7, STM32MP135FAF7T, STM32MP135FAF7U, STM32MP135FAG7, STM32MP211AAL3, STM32MP211AAM3, STM32MP211AAN3, STM32MP211AAO3, STM32MP211CAL3, STM32MP211CAM3, STM32MP211CAN3, STM32MP211CAO3, STM32MP211DAL3, STM32MP211DAM3, STM32MP211DAN3, STM32MP211DAO3, STM32MP211FAL3, STM32MP211FAM3, STM32MP211FAN3, STM32MP211FAO3, STM32MP213AAL3, STM32MP213AAM3, STM32MP213AAN3, STM32MP213AAO3, STM32MP213CAL3, STM32MP213CAM3, STM32MP213CAN3, STM32MP213CAO3, STM32MP213DAL3, STM32MP213DAM3, STM32MP213DAN3, STM32MP213DAO3, STM32MP213FAL3, STM32MP213FAM3, STM32MP213FAN3, STM32MP213FAO3, STM32MP215AAL3, STM32MP215AAM3, STM32MP215AAN3, STM32MP215AAO3, STM32MP215CAL3, STM32MP215CAM3, STM32MP215CAN3, STM32MP215CAO3, STM32MP215DAL3, STM32MP215DAM3, STM32MP215DAN3, STM32MP215DAO3, STM32MP215F-DK, STM32MP215FAL3, STM32MP215FAM3, STM32MP215FAN3, STM32MP215FAO3, STM32MP231AAJ3, STM32MP231AAK3, STM32MP231AAL3, STM32MP231CAJ3, STM32MP231CAK3, STM32MP231CAL3, STM32MP231DAJ3, STM32MP231DAK3, STM32MP231DAL3, STM32MP231FAJ3, STM32MP231FAK3, STM32MP231FAL3, STM32MP233AAJ3, STM32MP233AAK3, STM32MP233AAL3, STM32MP233CAJ3, STM32MP233CAK3, STM32MP233CAL3, STM32MP233DAJ3, STM32MP233DAK3, STM32MP233DAL3, STM32MP233FAJ3, STM32MP233FAK3, STM32MP233FAL3, STM32MP235AAJ3, STM32MP235AAK3, STM32MP235AAL3, STM32MP235CAJ3, STM32MP235CAK3, STM32MP235CAL3, STM32MP235DAJ3, STM32MP235DAK3, STM32MP235DAL3, STM32MP235FAJ3, STM32MP235FAK3, STM32MP235FAL3, STM32MP251AAI3, STM32MP251AAK3, STM32MP251AAL3, STM32MP251CAI3, STM32MP251CAK3, STM32MP251CAL3, STM32MP251DAI3, STM32MP251DAK3, STM32MP251DAL3, STM32MP251FAI3, STM32MP251FAK3, STM32MP251FAL3, STM32MP253AAI3, STM32MP253AAK3, STM32MP253AAL3, STM32MP253CAI3, STM32MP253CAK3, STM32MP253CAL3, STM32MP253DAI3, STM32MP253DAK3, STM32MP253DAL3, STM32MP253FAI3, STM32MP253FAK3, STM32MP253FAL3, STM32MP255AAI3, STM32MP255AAK3, STM32MP255AAL3, STM32MP255CAI3, STM32MP255CAK3, STM32MP255CAL3, STM32MP255DAI3, STM32MP255DAK3, STM32MP255DAL3, STM32MP255FAI3, STM32MP255FAK3, STM32MP255FAL3, STM32MP257AAI3, STM32MP257AAK3, STM32MP257AAL3, STM32MP257CAI3, STM32MP257CAK3, STM32MP257CAL3, STM32MP257DAI3, STM32MP257DAK3, STM32MP257DAL3, STM32MP257F-DK, STM32MP257F-EV1, STM32MP257FAI3, STM32MP257FAK3, STM32MP257FAL3, STM32N645A0H3Q, STM32N645B0H3Q, STM32N645I0H3Q, STM32N645L0H3Q, STM32N645X0H3Q, STM32N645Z0H3Q, STM32N647A0H3Q, STM32N647B0H3Q, STM32N647I0H3Q, STM32N647L0H3Q, STM32N647X0H3Q, STM32N647Z0H3Q, STM32N655A0H3Q, STM32N655B0H3Q, STM32N655I0H3Q, STM32N655L0H3Q, STM32N655X0H3Q, STM32N655Z0H3Q, STM32N6570-DK, STM32N657A0H3Q, STM32N657B0H3Q, STM32N657I0H3Q, STM32N657L0H3Q, STM32N657X0H3Q, STM32N657Z0H3Q, STM32U031C6T6, STM32U031C6U6, STM32U031C8T6, STM32U031C8U6, STM32U031F4P6, STM32U031F6P6, STM32U031F8P6, STM32U031G6Y6TR, STM32U031G8Y6TR, STM32U031K4U6, STM32U031K6U6, STM32U031K8U6, STM32U031R6I6, STM32U031R6T6, STM32U031R8I6, STM32U031R8T6, STM32U073C8T6, STM32U073C8U6, STM32U073CBT6, STM32U073CBU6, STM32U073CCT6, STM32U073CCU6, STM32U073H8Y6TR, STM32U073HBY6TR, STM32U073HCY6TR, STM32U073K8U6, STM32U073KBU6, STM32U073KCU6, STM32U073M8I6, STM32U073M8T6, STM32U073MBI6, STM32U073MBT6, STM32U073MCI6, STM32U073MCT6, STM32U073R8I6, STM32U073R8T6, STM32U073RBI6, STM32U073RBT6, STM32U073RCI6, STM32U073RCT6, STM32U083C-DK, STM32U083CCT6, STM32U083CCU6, STM32U083HCY6TR, STM32U083KCU6, STM32U083MCI6, STM32U083MCT6, STM32U083RCI6, STM32U083RCT6, STM32U375CET6, STM32U375CET6Q, STM32U375CEU6, STM32U375CEU6Q, STM32U375CEY6QTR, STM32U375CGT6, STM32U375CGT6Q, STM32U375CGU6, STM32U375CGU6Q, STM32U375CGY6QTR, STM32U375KEU6, STM32U375KGU6, STM32U375REI6, STM32U375REI6Q, STM32U375RET6, STM32U375RET6Q, STM32U375REY6GTR, STM32U375REY6QTR, STM32U375RGI6, STM32U375RGI6Q, STM32U375RGT6, STM32U375RGT6Q, STM32U375RGY6GTR, STM32U375RGY6QTR, STM32U375VEI6, STM32U375VEI6Q, STM32U375VET6, STM32U375VET6Q, STM32U375VGI6, STM32U375VGI6Q, STM32U375VGT6, STM32U375VGT6Q, STM32U385CGT6, STM32U385CGT6Q, STM32U385CGU6, STM32U385CGU6Q, STM32U385CGY6QTR, STM32U385KGU6, STM32U385RGI6, STM32U385RGI6Q, STM32U385RGT6, STM32U385RGT6Q, STM32U385RGY6GTR, STM32U385RGY6QTR, STM32U385VGI6, STM32U385VGI6Q, STM32U385VGT6, STM32U385VGT6Q, STM32U535CBT6, STM32U535CBT6Q, STM32U535CBU6, STM32U535CBU6Q, STM32U535CCT6, STM32U535CCT6Q, STM32U535CCU6, STM32U535CCU6Q, STM32U535CET6, STM32U535CET6Q, STM32U535CEU6, STM32U535CEU6Q, STM32U535JEY6QTR, STM32U535NCY6QTR, STM32U535NEY6QTR, STM32U535RBI6, STM32U535RBI6Q, STM32U535RBT6, STM32U535RBT6Q, STM32U535RCI6, STM32U535RCI6Q, STM32U535RCT6, STM32U535RCT6Q, STM32U535REI6, STM32U535REI6Q, STM32U535RET6, STM32U535RET6Q, STM32U535VCI6, STM32U535VCI6Q, STM32U535VCT6, STM32U535VCT6Q, STM32U535VEI6, STM32U535VEI6Q, STM32U535VET6, STM32U535VET6Q, STM32U545CET6, STM32U545CET6Q, STM32U545CEU6, STM32U545CEU6Q, STM32U545JEY6QTR, STM32U545NEY6QTR, STM32U545REI6, STM32U545REI6Q, STM32U545RET6, STM32U545RET6Q, STM32U545VEI6, STM32U545VEI6Q, STM32U545VET6, STM32U545VET6Q, STM32U595AIH6, STM32U595AIH6Q, STM32U595AJH6, STM32U595AJH6Q, STM32U595QII6, STM32U595QII6Q, STM32U595QJI6, STM32U595QJI6Q, STM32U595RIT6, STM32U595RIT6Q, STM32U595RJT6, STM32U595RJT6Q, STM32U595VIT6, STM32U595VIT6Q, STM32U595VJT6, STM32U595VJT6Q, STM32U595ZIT6, STM32U595ZIT6Q, STM32U595ZIY6QTR, STM32U595ZJT6, STM32U595ZJT6Q, STM32U595ZJY6QTR, STM32U599BJY6QTR, STM32U599NIH6Q, STM32U599NJH6Q, STM32U599VIT6Q, STM32U599VJT6, STM32U599VJT6Q, STM32U599ZIT6Q, STM32U599ZIY6QTR, STM32U599ZJT6Q, STM32U599ZJY6QTR, STM32U5A5AJH6, STM32U5A5AJH6Q, STM32U5A5QII3Q , STM32U5A5QJI6, STM32U5A5QJI6Q, STM32U5A5RJT6, STM32U5A5RJT6Q, STM32U5A5VJT6, STM32U5A5VJT6Q, STM32U5A5ZJT6, STM32U5A5ZJT6Q, STM32U5A5ZJY6QTR, STM32U5A9BJY6QTR, STM32U5A9J-DK, STM32U5A9NJH6Q, STM32U5A9VJT6Q, STM32U5A9ZJT6Q, STM32U5A9ZJY6QTR, STM32U5F7VIT6, STM32U5F7VIT6Q, STM32U5F7VJT6, STM32U5F7VJT6Q, STM32U5F9BJY6QTR, STM32U5F9NJH6Q, STM32U5F9VIT6Q, STM32U5F9VJT6Q, STM32U5F9ZIJ6QTR, STM32U5F9ZIT6Q, STM32U5F9ZJJ6QTR, STM32U5F9ZJT6Q, STM32U5G7VJT6, STM32U5G7VJT6Q, STM32U5G9BJY6QTR, STM32U5G9J-DK1, STM32U5G9J-DK2, STM32U5G9NJH6Q, STM32U5G9VJT6Q, STM32U5G9ZJJ6QTR, STM32U5G9ZJT6Q, STM32WB05KZV6TR, STM32WB05KZV7TR, STM32WB05TZF6TR, STM32WB05TZF7TR, STM32WB06CCF6TR, STM32WB06CCF7TR, STM32WB06CCV6TR, STM32WB06CCV7TR, STM32WB06KCV6TR, STM32WB06KCV7TR, STM32WB07CCF6TR, STM32WB07CCF7TR, STM32WB07CCV6TR, STM32WB07CCV7TR, STM32WB07KCV6TR, STM32WB07KCV7TR, STM32WB09KEV6TR, STM32WB09KEV7TR, STM32WB09TEF6TR, STM32WB09TEF7TR, STM32WB1MMCH6, STM32WBA50KGU6, STM32WBA50KGU6TR, STM32WBA52CEU6, STM32WBA52CEU6TR, STM32WBA52CEU7, STM32WBA52CEU7TR, STM32WBA52CGU6, STM32WBA52CGU6TR, STM32WBA52CGU6U, STM32WBA52CGU7, STM32WBA52CGU7TR, STM32WBA52KEU6, STM32WBA52KEU6TR, STM32WBA52KGU6, STM32WBA52KGU6TR, STM32WBA54CEU6, STM32WBA54CEU6TR, STM32WBA54CEU7, STM32WBA54CEU7TR, STM32WBA54CGU6, STM32WBA54CGU6TR, STM32WBA54CGU7, STM32WBA54CGU7TR, STM32WBA54KEU6, STM32WBA54KEU6TR, STM32WBA54KEU7, STM32WBA54KEU7TR, STM32WBA54KGU6, STM32WBA54KGU6TR, STM32WBA54KGU7, STM32WBA54KGU7TR, STM32WBA55CEU6, STM32WBA55CEU6TR, STM32WBA55CEU7, STM32WBA55CEU7TR, STM32WBA55CGU6, STM32WBA55CGU6TR, STM32WBA55CGU6U, STM32WBA55CGU7, STM32WBA55CGU7TR, STM32WBA55G-DK1, STM32WBA55HEF6, STM32WBA55HEF7, STM32WBA55HGF6, STM32WBA55HGF7, STM32WBA55UEI6, STM32WBA55UEI6TR, STM32WBA55UEI7, STM32WBA55UEI7TR, STM32WBA55UGI6, STM32WBA55UGI6TR, STM32WBA55UGI7, STM32WBA55UGI7TR, STM32WBA5MMGH6TR, STM32WBA62MGF6, STM32WBA62MIF6, STM32WBA65MGF7, STM32WBA65MIF6, STM32WBA65MIF7, STM32WL30K8V6, STM32WL30KBV6, STM32WL31C8V6, STM32WL31CBV6, STM32WL31K8V6, STM32WL31KBV6, STM32WL33C8V6, STM32WL33C8V6X, STM32WL33CBV6, STM32WL33CBV6X, STM32WL33CCV6, STM32WL33CCV6A, STM32WL33CCV6X, STM32WL33K8V7, STM32WL33K8V7X, STM32WL33KBV7 , STM32WL33KBV7X, STM32WL33KCV7, STM32WL33KCV7X, STM32WL5MOCH6, STM32WL5MOCH6TR]
2025-11-18 22:00:50,050 [INFO] DbMcus:218 - Found 4876 MCUs, 4876 are supported
2025-11-18 22:00:50,051 [INFO] ApiDb:423 - Load user favorites file C:\Users\KICHU/.stm32cubeide/favorites.mcus.txt: 0 item(s)
2025-11-18 22:00:50,051 [INFO] ApiDb:427 - User favorites MCUs=[]
2025-11-18 22:00:50,051 [INFO] DbMcus:224 - Set 0 / 0 favorites MCUs
2025-11-18 22:00:50,594 [INFO] ApiDb:668 - CubeFinder database Data Model version=2.1
2025-11-18 22:00:50,594 [INFO] ApiDb:669 - CubeFinder database Configuration version=3.0.39
2025-11-18 22:00:50,594 [INFO] ApiDb:670 - CubeFinder database generation date=2025-11-05 (1762334721)
2025-11-18 22:00:50,594 [INFO] ApiDb:671 - CubeFinder database FW Pack versions=[FP-ATR-ASTRA1_V2.0.0, FP-SNS-FLIGHT1_V5.1.0, FP-SNS-MOTENV1_V5.1.0, FP-SNS-MOTENVWB1_V1.4.0, FP-SNS-SMARTAG2_V1.2.0, FP-SNS-STBOX1_V2.1.0, STM32Cube_FW_C0_V1.4.0, STM32Cube_FW_F4_V1.28.3, STM32Cube_FW_F7_V1.17.4, STM32Cube_FW_G0_V1.6.2, STM32Cube_FW_G4_V1.6.1, STM32Cube_FW_H5_V1.5.1, STM32Cube_FW_H7RS_V1.3.0, STM32Cube_FW_H7_V1.12.1, STM32Cube_FW_L0_V1.12.2, STM32Cube_FW_L4_V1.18.1, STM32Cube_FW_L5_V1.6.0, STM32Cube_FW_N6_V1.3.0, STM32Cube_FW_U0_V1.3.0, STM32Cube_FW_U3_V1.2.1, STM32Cube_FW_U5_V1.8.0, STM32Cube_FW_WB0_V1.4.0, STM32Cube_FW_WBA_V1.8.0, STM32Cube_FW_WB_V1.24.0, STM32Cube_FW_WL3_V1.3.0, STM32Cube_FW_WL_V1.4.0, X-CUBE-ALGOBUILD_V1.4.0, X-CUBE-ALS_V1.0.2, X-CUBE-AZRTOS-F4_V1.1.0, X-CUBE-AZRTOS-F7_V1.1.0, X-CUBE-AZRTOS-G0_V1.1.0, X-CUBE-AZRTOS-G4_V2.0.0, X-CUBE-AZRTOS-H7RS_V1.1.0, X-CUBE-AZRTOS-H7_V3.4.0, X-CUBE-AZRTOS-L4_V2.0.0, X-CUBE-AZRTOS-L5_V2.0.0, X-CUBE-AZRTOS-WB_V2.0.0, X-CUBE-AZRTOS-WL_V2.0.0, X-CUBE-BLE1_V7.1.0, X-CUBE-BLE2_V3.3.0, X-CUBE-BLEMGR_V4.1.0, X-CUBE-EEPRMA1_V5.2.0, X-CUBE-FREERTOS_V1.3.1, X-CUBE-GNSS1_V6.0.0, X-CUBE-MEMS1_V11.3.0, X-CUBE-NFC4_V3.0.0, X-CUBE-NFC7_V2.0.0, X-CUBE-SFXS2LP1_V4.0.0, X-CUBE-ST67W61_V1.1.0, X-CUBE-SUBG2_V5.0.0, X-CUBE-TOF1_V3.4.3]
2025-11-18 22:00:50,660 [INFO] DbBoardsSqlite:226 - include board P-NUCLEO-WB55-NUCLEO as a kit item of type 'Nucleo-64'
2025-11-18 22:00:50,660 [INFO] DbBoardsSqlite:226 - include board P-NUCLEO-WB55-USBDONGLE as a kit item of type 'Nucleo USB Dongle'
2025-11-18 22:00:50,661 [INFO] DbBoardsSqlite:226 - include board STEVAL-IDP005V1 as a kit item of type 'Evaluation Board'
2025-11-18 22:00:50,661 [INFO] DbBoardsSqlite:226 - include board STEVAL-IDP005V2 as a kit item of type 'Evaluation Board'
2025-11-18 22:00:50,728 [INFO] ApiDb:240 - Found 880 in-development CPN: [B-G473E-ZEST1S, B-WB1M-WPAN1, B-WBA5M-WPAN, B-WL5M-SUBG1, NUCLEO-C031C6, NUCLEO-C051C8, NUCLEO-C071RB, NUCLEO-C092RC, NUCLEO-H503RB, NUCLEO-H533RE, NUCLEO-H563ZI, NUCLEO-H7S3L8, NUCLEO-N657X0-Q, NUCLEO-U031R8, NUCLEO-U083RC, NUCLEO-U385RG-Q, NUCLEO-U545RE-Q, NUCLEO-U5A5ZJ-Q, NUCLEO-WB05KZ, NUCLEO-WB07CC, NUCLEO-WB09KE, NUCLEO-WBA52CG, NUCLEO-WBA55CG, NUCLEO-WL33CC1, NUCLEO-WL33CC2, STEVAL-PROTEUS1, STEVAL-SMARTAG2, STEVAL-STWINBX1, STM320518-EVAL, STM32C0116-DK, STM32C011D6Y3TR, STM32C011D6Y6TR, STM32C011F4P3, STM32C011F4P6, STM32C011F4U3, STM32C011F4U6TR, STM32C011F6P3, STM32C011F6P6, STM32C011F6U3, STM32C011F6U6TR, STM32C011J4M3, STM32C011J4M6, STM32C011J6M3, STM32C011J6M6, STM32C0316-DK, STM32C031C4T3, STM32C031C4T6, STM32C031C4U3, STM32C031C4U6, STM32C031C6T3, STM32C031C6T6, STM32C031C6U3, STM32C031C6U6, STM32C031F4P3, STM32C031F4P6, STM32C031F6P3, STM32C031F6P6, STM32C031G4U3, STM32C031G4U6, STM32C031G6U3, STM32C031G6U6, STM32C031K4T3, STM32C031K4T6, STM32C031K4U3, STM32C031K4U6, STM32C031K6T3, STM32C031K6T6, STM32C031K6U3, STM32C031K6U6, STM32C051C6T6, STM32C051C6U6, STM32C051C8T6, STM32C051C8U6, STM32C051D8Y6TR, STM32C051F6P6, STM32C051F8P6, STM32C051G6U6, STM32C051G8U6, STM32C051K6T6, STM32C051K6U6, STM32C051K8T6, STM32C071C8T6, STM32C071C8T6N, STM32C071C8U6, STM32C071C8U6N, STM32C071CBT6, STM32C071CBT6N, STM32C071CBU6, STM32C071CBU6N, STM32C071F8P6, STM32C071F8P6N, STM32C071FBP6, STM32C071FBP6N, STM32C071FBY6TR, STM32C071G8U6, STM32C071G8U6N, STM32C071GBU6, STM32C071GBU6N, STM32C071K8T6, STM32C071K8T6N, STM32C071K8U6, STM32C071K8U6N, STM32C071KBT6, STM32C071KBT6N, STM32C071KBU6, STM32C071KBU6N, STM32C071R8T6, STM32C071R8T6N, STM32C071RBI6N, STM32C071RBT6, STM32C071RBT6N, STM32C091CBT6, STM32C091CBU6, STM32C091CCT6, STM32C091CCU6, STM32C091ECY6TR, STM32C091FBP6, STM32C091FCP6, STM32C091GBU6, STM32C091GCU6, STM32C091KBT6, STM32C091KBU6, STM32C091KCT6, STM32C091KCU6, STM32C091RBT6, STM32C091RCI6, STM32C091RCT6, STM32C092CBT6, STM32C092CBU6, STM32C092CCT6, STM32C092CCU6, STM32C092ECY6TR, STM32C092FBP6, STM32C092FCP6, STM32C092GBU6, STM32C092GCU6, STM32C092KBT6, STM32C092KBU6, STM32C092KCT6, STM32C092KCU6, STM32C092RBT6, STM32C092RCI6, STM32C092RCT6, STM32G071K8TXN, STM32G071K8UXN, STM32G081GBU6N, STM32G081KBT6N, STM32G081KBUXN, STM32G0B1CCT6N, STM32G0B1KCT6, STM32G0B1NEY6TR, STM32G0B1RCT6N, STM32G0C1CCT6, STM32G0C1CCT6N, STM32G0C1CCU6N, STM32G0C1CET6N, STM32G0C1CEU6N, STM32G0C1KCT6, STM32G0C1NEY6TR, STM32G0C1RCI6N, STM32G0C1RCT6N, STM32G0C1REI6N, STM32G0C1RET6N, STM32G0C1VCI6, STM32G0C1VEI6, STM32G411C6T3, STM32G411C6T6, STM32G411C6U3, STM32G411C6U6, STM32G411C8T3, STM32G411C8T6, STM32G411C8U3, STM32G411C8U6, STM32G411CBT3, STM32G411CBT6, STM32G411CBU3, STM32G411CBU6, STM32G411K6T3, STM32G411K6T6, STM32G411K6U3, STM32G411K6U6, STM32G411K8T3, STM32G411K8T6, STM32G411K8U3, STM32G411K8U6, STM32G411KBT3, STM32G411KBT6, STM32G411KBU3, STM32G411KBU6, STM32G411M6T3, STM32G411M6T6, STM32G411M8T3, STM32G411M8T6, STM32G411MBT3, STM32G411MBT6, STM32G411R6T3, STM32G411R6T6, STM32G411R8T3, STM32G411R8T6, STM32G411RBT3, STM32G411RBT6, STM32G414CBT3, STM32G414CBT6, STM32G414CBU3, STM32G414CBU6, STM32G414CCT3, STM32G414CCT6, STM32G414CCU3, STM32G414CCU6, STM32G414MBT3, STM32G414MBT6, STM32G414MCT3, STM32G414MCT6, STM32G414RBT3, STM32G414RBT6, STM32G414RCT3, STM32G414RCT6, STM32G414VBT3, STM32G414VBT6, STM32G414VCT3, STM32G414VCT6, STM32G431CBT3Z, STM32G431RBT3Z, STM32G471CCT6, STM32G471CCU6, STM32G471CET3, STM32G471CET6, STM32G471CEU3, STM32G471CEU6, STM32G471MCT6, STM32G471MET3, STM32G471MET6, STM32G471MEY6TR, STM32G471QCT6, STM32G471QET3, STM32G471RCT6, STM32G471RET3, STM32G471RET6, STM32G471VCH6, STM32G471VCI6, STM32G471VCT6, STM32G471VEH3, STM32G471VEH6, STM32G471VEI3, STM32G471VEI6, STM32G471VET3, STM32G471VET6, STM32G473QET3Z, STM32G473RET3Z, STM32G474CCT6, STM32G491RET3Z, STM32H503CBT6, STM32H503CBU6, STM32H503EBY6TR, STM32H503KBU6, STM32H503RBT6, STM32H523CCT6, STM32H523CCU6, STM32H523CET6, STM32H523CEU6, STM32H523HEY6TR, STM32H523RCT6, STM32H523RET6, STM32H523VCI6, STM32H523VCT6, STM32H523VEI6, STM32H523VET6, STM32H523ZCJ6, STM32H523ZCT6, STM32H523ZEJ6, STM32H523ZET6, STM32H533CET6, STM32H533CEU6, STM32H533HEY6TR, STM32H533RET6, STM32H533VEI6, STM32H533VET6, STM32H533ZEJ6, STM32H533ZET6, STM32H562AGI6, STM32H562AII6, STM32H562IGK6, STM32H562IGT6, STM32H562IIK6, STM32H562IIT6, STM32H562RGT6, STM32H562RGV6, STM32H562RIT6, STM32H562RIV6, STM32H562VGT6, STM32H562VIT6, STM32H562ZGT6, STM32H562ZIT6, STM32H563AGI6, STM32H563AII3Q, STM32H563AII6, STM32H563IGK6, STM32H563IGT6, STM32H563IIK3Q, STM32H563IIK6, STM32H563IIT3Q, STM32H563IIT6, STM32H563MIY3QTR, STM32H563RGT6, STM32H563RGV6, STM32H563RIT6, STM32H563RIV6, STM32H563VGT6, STM32H563VIT3Q, STM32H563VIT6, STM32H563ZGT6, STM32H563ZIT3Q, STM32H563ZIT6, STM32H573AII3Q, STM32H573AII6, STM32H573I-DK, STM32H573IIK3Q, STM32H573IIK6, STM32H573IIT3Q, STM32H573IIT6, STM32H573MIY3QTR, STM32H573RIT6, STM32H573RIV6, STM32H573VIT3Q, STM32H573VIT6, STM32H573ZIT3Q, STM32H573ZIT6, STM32H7R3A8I6, STM32H7R3I8K6, STM32H7R3I8T6, STM32H7R3L8H6, STM32H7R3L8H6H, STM32H7R3R8V6, STM32H7R3V8H6, STM32H7R3V8T6, STM32H7R3V8Y6TR, STM32H7R3Z8J6, STM32H7R3Z8T6, STM32H7R7A8I6, STM32H7R7I8K6, STM32H7R7I8T6, STM32H7R7L8H6, STM32H7R7L8H6H, STM32H7R7Z8J6, STM32H7S3A8I6, STM32H7S3I8K6, STM32H7S3I8T6, STM32H7S3L8H6, STM32H7S3L8H6H, STM32H7S3R8V6, STM32H7S3V8H6, STM32H7S3V8T6, STM32H7S3V8Y6TR, STM32H7S3Z8J6, STM32H7S3Z8T6, STM32H7S78-DK, STM32H7S7A8I6, STM32H7S7I8K6, STM32H7S7I8T6, STM32H7S7L8H6, STM32H7S7L8H6H, STM32H7S7Z8J6, STM32L4R5QGI6STR, STM32MP131AAE3, STM32MP131AAF3, STM32MP131AAG3, STM32MP131CAE3, STM32MP131CAF3, STM32MP131CAG3, STM32MP131DAE7, STM32MP131DAF7, STM32MP131DAG7, STM32MP131FAE7, STM32MP131FAF7, STM32MP131FAG7, STM32MP133AAE3, STM32MP133AAF3, STM32MP133AAG3, STM32MP133CAE3, STM32MP133CAF3, STM32MP133CAG3, STM32MP133DAE7, STM32MP133DAF7, STM32MP133DAG7, STM32MP133FAE7, STM32MP133FAF7, STM32MP133FAG7, STM32MP135AAE3, STM32MP135AAF3, STM32MP135AAG3, STM32MP135CAE3, STM32MP135CAF3, STM32MP135CAG3, STM32MP135DAE7, STM32MP135DAF7, STM32MP135DAG7, STM32MP135F-DK, STM32MP135FAE7, STM32MP135FAF7, STM32MP135FAF7T, STM32MP135FAF7U, STM32MP135FAG7, STM32MP211AAL3, STM32MP211AAM3, STM32MP211AAN3, STM32MP211AAO3, STM32MP211CAL3, STM32MP211CAM3, STM32MP211CAN3, STM32MP211CAO3, STM32MP211DAL3, STM32MP211DAM3, STM32MP211DAN3, STM32MP211DAO3, STM32MP211FAL3, STM32MP211FAM3, STM32MP211FAN3, STM32MP211FAO3, STM32MP213AAL3, STM32MP213AAM3, STM32MP213AAN3, STM32MP213AAO3, STM32MP213CAL3, STM32MP213CAM3, STM32MP213CAN3, STM32MP213CAO3, STM32MP213DAL3, STM32MP213DAM3, STM32MP213DAN3, STM32MP213DAO3, STM32MP213FAL3, STM32MP213FAM3, STM32MP213FAN3, STM32MP213FAO3, STM32MP215AAL3, STM32MP215AAM3, STM32MP215AAN3, STM32MP215AAO3, STM32MP215CAL3, STM32MP215CAM3, STM32MP215CAN3, STM32MP215CAO3, STM32MP215DAL3, STM32MP215DAM3, STM32MP215DAN3, STM32MP215DAO3, STM32MP215F-DK, STM32MP215FAL3, STM32MP215FAM3, STM32MP215FAN3, STM32MP215FAO3, STM32MP231AAJ3, STM32MP231AAK3, STM32MP231AAL3, STM32MP231CAJ3, STM32MP231CAK3, STM32MP231CAL3, STM32MP231DAJ3, STM32MP231DAK3, STM32MP231DAL3, STM32MP231FAJ3, STM32MP231FAK3, STM32MP231FAL3, STM32MP233AAJ3, STM32MP233AAK3, STM32MP233AAL3, STM32MP233CAJ3, STM32MP233CAK3, STM32MP233CAL3, STM32MP233DAJ3, STM32MP233DAK3, STM32MP233DAL3, STM32MP233FAJ3, STM32MP233FAK3, STM32MP233FAL3, STM32MP235AAJ3, STM32MP235AAK3, STM32MP235AAL3, STM32MP235CAJ3, STM32MP235CAK3, STM32MP235CAL3, STM32MP235DAJ3, STM32MP235DAK3, STM32MP235DAL3, STM32MP235FAJ3, STM32MP235FAK3, STM32MP235FAL3, STM32MP251AAI3, STM32MP251AAK3, STM32MP251AAL3, STM32MP251CAI3, STM32MP251CAK3, STM32MP251CAL3, STM32MP251DAI3, STM32MP251DAK3, STM32MP251DAL3, STM32MP251FAI3, STM32MP251FAK3, STM32MP251FAL3, STM32MP253AAI3, STM32MP253AAK3, STM32MP253AAL3, STM32MP253CAI3, STM32MP253CAK3, STM32MP253CAL3, STM32MP253DAI3, STM32MP253DAK3, STM32MP253DAL3, STM32MP253FAI3, STM32MP253FAK3, STM32MP253FAL3, STM32MP255AAI3, STM32MP255AAK3, STM32MP255AAL3, STM32MP255CAI3, STM32MP255CAK3, STM32MP255CAL3, STM32MP255DAI3, STM32MP255DAK3, STM32MP255DAL3, STM32MP255FAI3, STM32MP255FAK3, STM32MP255FAL3, STM32MP257AAI3, STM32MP257AAK3, STM32MP257AAL3, STM32MP257CAI3, STM32MP257CAK3, STM32MP257CAL3, STM32MP257DAI3, STM32MP257DAK3, STM32MP257DAL3, STM32MP257F-DK, STM32MP257F-EV1, STM32MP257FAI3, STM32MP257FAK3, STM32MP257FAL3, STM32N645A0H3Q, STM32N645B0H3Q, STM32N645I0H3Q, STM32N645L0H3Q, STM32N645X0H3Q, STM32N645Z0H3Q, STM32N647A0H3Q, STM32N647B0H3Q, STM32N647I0H3Q, STM32N647L0H3Q, STM32N647X0H3Q, STM32N647Z0H3Q, STM32N655A0H3Q, STM32N655B0H3Q, STM32N655I0H3Q, STM32N655L0H3Q, STM32N655X0H3Q, STM32N655Z0H3Q, STM32N6570-DK, STM32N657A0H3Q, STM32N657B0H3Q, STM32N657I0H3Q, STM32N657L0H3Q, STM32N657X0H3Q, STM32N657Z0H3Q, STM32U031C6T6, STM32U031C6U6, STM32U031C8T6, STM32U031C8U6, STM32U031F4P6, STM32U031F6P6, STM32U031F8P6, STM32U031G6Y6TR, STM32U031G8Y6TR, STM32U031K4U6, STM32U031K6U6, STM32U031K8U6, STM32U031R6I6, STM32U031R6T6, STM32U031R8I6, STM32U031R8T6, STM32U073C8T6, STM32U073C8U6, STM32U073CBT6, STM32U073CBU6, STM32U073CCT6, STM32U073CCU6, STM32U073H8Y6TR, STM32U073HBY6TR, STM32U073HCY6TR, STM32U073K8U6, STM32U073KBU6, STM32U073KCU6, STM32U073M8I6, STM32U073M8T6, STM32U073MBI6, STM32U073MBT6, STM32U073MCI6, STM32U073MCT6, STM32U073R8I6, STM32U073R8T6, STM32U073RBI6, STM32U073RBT6, STM32U073RCI6, STM32U073RCT6, STM32U083C-DK, STM32U083CCT6, STM32U083CCU6, STM32U083HCY6TR, STM32U083KCU6, STM32U083MCI6, STM32U083MCT6, STM32U083RCI6, STM32U083RCT6, STM32U375CET6, STM32U375CET6Q, STM32U375CEU6, STM32U375CEU6Q, STM32U375CEY6QTR, STM32U375CGT6, STM32U375CGT6Q, STM32U375CGU6, STM32U375CGU6Q, STM32U375CGY6QTR, STM32U375KEU6, STM32U375KGU6, STM32U375REI6, STM32U375REI6Q, STM32U375RET6, STM32U375RET6Q, STM32U375REY6GTR, STM32U375REY6QTR, STM32U375RGI6, STM32U375RGI6Q, STM32U375RGT6, STM32U375RGT6Q, STM32U375RGY6GTR, STM32U375RGY6QTR, STM32U375VEI6, STM32U375VEI6Q, STM32U375VET6, STM32U375VET6Q, STM32U375VGI6, STM32U375VGI6Q, STM32U375VGT6, STM32U375VGT6Q, STM32U385CGT6, STM32U385CGT6Q, STM32U385CGU6, STM32U385CGU6Q, STM32U385CGY6QTR, STM32U385KGU6, STM32U385RGI6, STM32U385RGI6Q, STM32U385RGT6, STM32U385RGT6Q, STM32U385RGY6GTR, STM32U385RGY6QTR, STM32U385VGI6, STM32U385VGI6Q, STM32U385VGT6, STM32U385VGT6Q, STM32U535CBT6, STM32U535CBT6Q, STM32U535CBU6, STM32U535CBU6Q, STM32U535CCT6, STM32U535CCT6Q, STM32U535CCU6, STM32U535CCU6Q, STM32U535CET6, STM32U535CET6Q, STM32U535CEU6, STM32U535CEU6Q, STM32U535JEY6QTR, STM32U535NCY6QTR, STM32U535NEY6QTR, STM32U535RBI6, STM32U535RBI6Q, STM32U535RBT6, STM32U535RBT6Q, STM32U535RCI6, STM32U535RCI6Q, STM32U535RCT6, STM32U535RCT6Q, STM32U535REI6, STM32U535REI6Q, STM32U535RET6, STM32U535RET6Q, STM32U535VCI6, STM32U535VCI6Q, STM32U535VCT6, STM32U535VCT6Q, STM32U535VEI6, STM32U535VEI6Q, STM32U535VET6, STM32U535VET6Q, STM32U545CET6, STM32U545CET6Q, STM32U545CEU6, STM32U545CEU6Q, STM32U545JEY6QTR, STM32U545NEY6QTR, STM32U545REI6, STM32U545REI6Q, STM32U545RET6, STM32U545RET6Q, STM32U545VEI6, STM32U545VEI6Q, STM32U545VET6, STM32U545VET6Q, STM32U595AIH6, STM32U595AIH6Q, STM32U595AJH6, STM32U595AJH6Q, STM32U595QII6, STM32U595QII6Q, STM32U595QJI6, STM32U595QJI6Q, STM32U595RIT6, STM32U595RIT6Q, STM32U595RJT6, STM32U595RJT6Q, STM32U595VIT6, STM32U595VIT6Q, STM32U595VJT6, STM32U595VJT6Q, STM32U595ZIT6, STM32U595ZIT6Q, STM32U595ZIY6QTR, STM32U595ZJT6, STM32U595ZJT6Q, STM32U595ZJY6QTR, STM32U599BJY6QTR, STM32U599NIH6Q, STM32U599NJH6Q, STM32U599VIT6Q, STM32U599VJT6, STM32U599VJT6Q, STM32U599ZIT6Q, STM32U599ZIY6QTR, STM32U599ZJT6Q, STM32U599ZJY6QTR, STM32U5A5AJH6, STM32U5A5AJH6Q, STM32U5A5QII3Q , STM32U5A5QJI6, STM32U5A5QJI6Q, STM32U5A5RJT6, STM32U5A5RJT6Q, STM32U5A5VJT6, STM32U5A5VJT6Q, STM32U5A5ZJT6, STM32U5A5ZJT6Q, STM32U5A5ZJY6QTR, STM32U5A9BJY6QTR, STM32U5A9J-DK, STM32U5A9NJH6Q, STM32U5A9VJT6Q, STM32U5A9ZJT6Q, STM32U5A9ZJY6QTR, STM32U5F7VIT6, STM32U5F7VIT6Q, STM32U5F7VJT6, STM32U5F7VJT6Q, STM32U5F9BJY6QTR, STM32U5F9NJH6Q, STM32U5F9VIT6Q, STM32U5F9VJT6Q, STM32U5F9ZIJ6QTR, STM32U5F9ZIT6Q, STM32U5F9ZJJ6QTR, STM32U5F9ZJT6Q, STM32U5G7VJT6, STM32U5G7VJT6Q, STM32U5G9BJY6QTR, STM32U5G9J-DK1, STM32U5G9J-DK2, STM32U5G9NJH6Q, STM32U5G9VJT6Q, STM32U5G9ZJJ6QTR, STM32U5G9ZJT6Q, STM32WB05KZV6TR, STM32WB05KZV7TR, STM32WB05TZF6TR, STM32WB05TZF7TR, STM32WB06CCF6TR, STM32WB06CCF7TR, STM32WB06CCV6TR, STM32WB06CCV7TR, STM32WB06KCV6TR, STM32WB06KCV7TR, STM32WB07CCF6TR, STM32WB07CCF7TR, STM32WB07CCV6TR, STM32WB07CCV7TR, STM32WB07KCV6TR, STM32WB07KCV7TR, STM32WB09KEV6TR, STM32WB09KEV7TR, STM32WB09TEF6TR, STM32WB09TEF7TR, STM32WB1MMCH6, STM32WBA50KGU6, STM32WBA50KGU6TR, STM32WBA52CEU6, STM32WBA52CEU6TR, STM32WBA52CEU7, STM32WBA52CEU7TR, STM32WBA52CGU6, STM32WBA52CGU6TR, STM32WBA52CGU6U, STM32WBA52CGU7, STM32WBA52CGU7TR, STM32WBA52KEU6, STM32WBA52KEU6TR, STM32WBA52KGU6, STM32WBA52KGU6TR, STM32WBA54CEU6, STM32WBA54CEU6TR, STM32WBA54CEU7, STM32WBA54CEU7TR, STM32WBA54CGU6, STM32WBA54CGU6TR, STM32WBA54CGU7, STM32WBA54CGU7TR, STM32WBA54KEU6, STM32WBA54KEU6TR, STM32WBA54KEU7, STM32WBA54KEU7TR, STM32WBA54KGU6, STM32WBA54KGU6TR, STM32WBA54KGU7, STM32WBA54KGU7TR, STM32WBA55CEU6, STM32WBA55CEU6TR, STM32WBA55CEU7, STM32WBA55CEU7TR, STM32WBA55CGU6, STM32WBA55CGU6TR, STM32WBA55CGU6U, STM32WBA55CGU7, STM32WBA55CGU7TR, STM32WBA55G-DK1, STM32WBA55HEF6, STM32WBA55HEF7, STM32WBA55HGF6, STM32WBA55HGF7, STM32WBA55UEI6, STM32WBA55UEI6TR, STM32WBA55UEI7, STM32WBA55UEI7TR, STM32WBA55UGI6, STM32WBA55UGI6TR, STM32WBA55UGI7, STM32WBA55UGI7TR, STM32WBA5MMGH6TR, STM32WBA62MGF6, STM32WBA62MIF6, STM32WBA65MGF7, STM32WBA65MIF6, STM32WBA65MIF7, STM32WL30K8V6, STM32WL30KBV6, STM32WL31C8V6, STM32WL31CBV6, STM32WL31K8V6, STM32WL31KBV6, STM32WL33C8V6, STM32WL33C8V6X, STM32WL33CBV6, STM32WL33CBV6X, STM32WL33CCV6, STM32WL33CCV6A, STM32WL33CCV6X, STM32WL33K8V7, STM32WL33K8V7X, STM32WL33KBV7 , STM32WL33KBV7X, STM32WL33KCV7, STM32WL33KCV7X, STM32WL5MOCH6, STM32WL5MOCH6TR]
2025-11-18 22:00:50,996 [INFO] BoardInfo:889 - No configuration file found for board P-NUCLEO-WB55
2025-11-18 22:00:50,997 [INFO] DbBoards:161 - Kit is not supported: P-NUCLEO-WB55
2025-11-18 22:00:51,006 [INFO] BoardInfo:889 - No configuration file found for board STEVAL-BFA001V1B
2025-11-18 22:00:51,007 [INFO] DbBoards:161 - Kit is not supported: STEVAL-BFA001V1B
2025-11-18 22:00:51,008 [INFO] BoardInfo:889 - No configuration file found for board STEVAL-BFA001V2B
2025-11-18 22:00:51,009 [INFO] DbBoards:161 - Kit is not supported: STEVAL-BFA001V2B
2025-11-18 22:00:51,351 [INFO] DbBoards:168 - Found 212 boards, 209 are supported
2025-11-18 22:00:51,351 [INFO] DbBoards:169 - Found 212 boards, 43 of them is supported for  Bsp
2025-11-18 22:00:51,354 [INFO] ApiDb:423 - Load user favorites file C:\Users\KICHU/.stm32cubeide/favorites.boards.txt: 0 item(s)
2025-11-18 22:00:51,354 [INFO] ApiDb:427 - User favorites Boards=[]
2025-11-18 22:00:51,354 [INFO] DbBoards:198 - Set 0 / 0 favorites Boards
2025-11-18 22:00:51,354 [INFO] McuFinderGlobals:76 - Set McuFinderConnectedMode to true
2025-11-18 22:00:51,360 [INFO] MultiScanPanel:200 - Auto-refresh data requested => check proxy status ongoing
2025-11-18 22:00:51,362 [INFO] FinderPluginLoader:96 - Searching for filters in installed packs
2025-11-18 22:00:53,001 [INFO] LoadUrlFilesThread:185 - End of LoadServerUrlFiles without Thread
2025-11-18 22:00:53,028 [INFO] DetailPanel:341 - Set advertising image to C:/Users/KICHU/STM32Cube/Repository/\en.mcu-finder-preevent.jpg
2025-11-18 22:02:35,552 [INFO] MultiScanPanel:200 - Auto-refresh data requested => check proxy status ongoing
2025-11-18 22:02:35,729 [INFO] LoadUrlFilesThread:185 - End of LoadServerUrlFiles without Thread
2025-11-18 22:02:35,729 [INFO] DetailPanel:341 - Set advertising image to C:/Users/KICHU/STM32Cube/Repository/\en.mcu-finder-preevent.jpg
2025-11-18 22:02:35,744 [INFO] DbBoards:642 - Loading board mini-images...
2025-11-18 22:02:38,621 [ERROR] DbBoards:659 - Image file not found for board STM32MP215F-DK: C:\Users\KICHU\.stmcufinder\plugins\mcufinder//mcu//boards_images/STM32MP215F-DK.jpg
2025-11-18 22:02:38,787 [INFO] DbBoards:665 - Loaded 211 board mini-images
2025-11-18 22:03:00,322 [INFO] ServerAccessManage:452 - Complete download http(s) 200
2025-11-18 22:03:00,323 [INFO] ServerAccessManage:509 - Download File DB2196.pdf
2025-11-18 22:03:00,672 [INFO] LoadUrlFilesThread:156 - End of LoadUrlFiles Thread
2025-11-18 22:03:00,812 [INFO] BoardAction:139 - Datasheet
2025-11-18 22:03:12,645 [INFO] BoardAction:75 - Docs & Resources
2025-11-18 22:04:00,470 [INFO] ServerAccessManage:452 - Complete download http(s) 200
2025-11-18 22:04:00,470 [INFO] ServerAccessManage:509 - Download File UM1724.pdf
2025-11-18 22:04:01,803 [INFO] LoadUrlFilesThread:156 - End of LoadUrlFiles Thread
2025-11-18 22:04:26,524 [INFO] BoardAction:139 - Datasheet
2025-11-18 22:04:34,308 [INFO] BoardAction:48 - Features
2025-11-18 22:04:35,457 [INFO] ServerAccessManage:452 - Complete download http(s) 200
2025-11-18 22:04:35,458 [INFO] ServerAccessManage:509 - Download File 
2025-11-18 22:04:35,527 [INFO] LoadUrlFilesThread:185 - End of LoadServerUrlFiles without Thread
2025-11-18 22:04:35,544 [INFO] BoardAction:170 - Large Picture
2025-11-18 22:04:36,233 [INFO] BoardAction:75 - Docs & Resources
2025-11-18 22:04:37,702 [INFO] LoadUrlFilesThread:185 - End of LoadServerUrlFiles without Thread
2025-11-18 22:04:37,704 [INFO] BoardAction:170 - Large Picture
2025-11-18 22:04:46,587 [INFO] BoardAction:75 - Docs & Resources
2025-11-18 23:24:48,929 [INFO] WebApp:194 - Connection lost
2025-11-18 23:24:58,536 [INFO] WebApp:191 - Connection restablished
2025-11-18 23:25:01,240 [INFO] WebApp:194 - Connection lost
2025-11-18 23:25:01,403 [INFO] WebApp:191 - Connection restablished
2025-11-18 23:25:42,976 [INFO] ServerAccessManage:452 - Complete download http(s) 200
2025-11-18 23:25:42,976 [INFO] ServerAccessManage:509 - Download File 19167.pdf
2025-11-18 23:25:43,370 [INFO] LoadUrlFilesThread:156 - End of LoadUrlFiles Thread
2025-11-18 23:26:46,246 [INFO] WebApp:194 - Connection lost
2025-11-18 23:26:46,428 [INFO] WebApp:191 - Connection restablished
2025-11-18 23:30:01,455 [INFO] LoadUrlFilesThread:185 - End of LoadServerUrlFiles without Thread
2025-11-18 23:30:01,456 [INFO] BoardAction:170 - Large Picture
2025-11-18 23:30:07,399 [INFO] BoardAction:75 - Docs & Resources
2025-11-18 23:30:35,909 [INFO] ServerAccessManage:452 - Complete download http(s) 200
2025-11-18 23:30:35,910 [INFO] ServerAccessManage:509 - Download File TN1235.pdf
2025-11-18 23:30:36,337 [INFO] LoadUrlFilesThread:156 - End of LoadUrlFiles Thread
2025-11-18 23:30:59,397 [INFO] McuFinderGlobals:76 - Set McuFinderConnectedMode to true
2025-11-18 23:30:59,708 [INFO] ApiDb:448 - Save user favorites file C:\Users\KICHU/.stm32cubeide/favorites.mcus.txt: 0 item(s)
2025-11-18 23:30:59,709 [INFO] ApiDb:452 - User favorites MCUs=[]
2025-11-18 23:30:59,716 [INFO] ApiDb:448 - Save user favorites file C:\Users\KICHU/.stm32cubeide/favorites.boards.txt: 0 item(s)
2025-11-18 23:30:59,716 [INFO] ApiDb:452 - User favorites Boards=[]
