2025-11-14 20:18:38,922 [INFO] Activator:176 - 


2025-11-14 20:18:38,924 [INFO] Activator:177 - !SESSION log4j initialized
2025-11-14 20:18:41,813 [INFO] LogOutputStream:77 - [STDOUT_REDIRECT] 
2025-11-14 20:18:44,140 [INFO] ApplicationProperties:184 - Using Application install path: C:\ST\STM32CubeIDE_1.19.0\STM32CubeIDE\plugins\com.st.stm32cube.common.mx_6.15.0.202507011659
2025-11-14 20:18:44,155 [INFO] DbMcusXml:78 - Set database path to: C:\ST\STM32CubeIDE_1.19.0\STM32CubeIDE\plugins\com.st.stm32cube.common.mx_6.15.0.202507011659\\db\/mcu/
2025-11-14 20:18:44,155 [INFO] ApiDb:274 - Set plugin database path to: C:\ST\STM32CubeIDE_1.19.0\STM32CubeIDE\plugins\com.st.stm32cube.common.mx_6.15.0.202507011659\\db\/plugins/boardmanager/
2025-11-14 20:18:44,156 [WARN] ApiDb:259 - Overriding images path with different value:  => C:\ST\STM32CubeIDE_1.19.0\STM32CubeIDE\plugins\com.st.stm32cube.common.mx_6.15.0.202507011659\\db\/plugins/mcufinder/images/
2025-11-14 20:18:44,161 [INFO] ApiDb:250 - Set database path to: C:\Users\KICHU\.stmcufinder\plugins\mcufinder//mcu/
2025-11-14 20:18:44,162 [INFO] DbMcusAds:125 - Set database path to: C:\Users\KICHU\.stmcufinder\plugins\mcufinder//mcu/
2025-11-14 20:18:44,164 [INFO] CrossReferenceDbSqlite:203 - Set database path to: C:\Users\KICHU\.stmcufinder\plugins\mcufinder//mcu/cs/
2025-11-14 20:18:44,286 [INFO] RulesReader:64 - Compatibility file has been processed (317 Rules)
2025-11-14 20:18:44,375 [INFO] DbMcusXml:78 - Set database path to: C:\ST\STM32CubeIDE_1.19.0\STM32CubeIDE\plugins\com.st.stm32cube.common.mx_6.15.0.202507011659\\db\/mcu/
2025-11-14 20:18:44,375 [INFO] ApiDb:274 - Set plugin database path to: C:\ST\STM32CubeIDE_1.19.0\STM32CubeIDE\plugins\com.st.stm32cube.common.mx_6.15.0.202507011659\\db\/plugins/boardmanager/
2025-11-14 20:18:44,376 [INFO] ApiDb:261 - Set plugin images path to: C:\ST\STM32CubeIDE_1.19.0\STM32CubeIDE\plugins\com.st.stm32cube.common.mx_6.15.0.202507011659\\db\/plugins/mcufinder/images/
2025-11-14 20:18:44,376 [WARN] DbFile:41 - Overriding database path with different value: C:\Users\KICHU\.stmcufinder\plugins\mcufinder/ => C:\Users\KICHU\.stmcufinder\plugins\mcufinder
2025-11-14 20:18:44,376 [INFO] ApiDb:250 - Set database path to: C:\Users\KICHU\.stmcufinder\plugins\mcufinder//mcu/
2025-11-14 20:18:44,376 [WARN] DbFile:41 - Overriding database path with different value: C:\Users\KICHU\.stmcufinder\plugins\mcufinder/ => C:\Users\KICHU\.stmcufinder\plugins\mcufinder
2025-11-14 20:18:44,376 [INFO] DbMcusAds:125 - Set database path to: C:\Users\KICHU\.stmcufinder\plugins\mcufinder//mcu/
2025-11-14 20:18:44,377 [WARN] DbFile:41 - Overriding database path with different value: C:\Users\KICHU\.stmcufinder\plugins\mcufinder/ => C:\Users\KICHU\.stmcufinder\plugins\mcufinder
2025-11-14 20:18:44,377 [WARN] DbFile:41 - Overriding database path with different value: C:\Users\KICHU\.stmcufinder\plugins\mcufinder/ => C:\Users\KICHU\.stmcufinder\plugins\mcufinder
2025-11-14 20:18:44,377 [INFO] CrossReferenceDbSqlite:203 - Set database path to: C:\Users\KICHU\.stmcufinder\plugins\mcufinder//mcu/cs/
2025-11-14 20:18:44,447 [INFO] MainPanel:274 - HeapMemory: 268435456
2025-11-14 20:18:44,538 [INFO] DbMcusXml:78 - Set database path to: C:\ST\STM32CubeIDE_1.19.0\STM32CubeIDE\plugins\com.st.stm32cube.common.mx_6.15.0.202507011659\\db\/mcu/
2025-11-14 20:18:44,538 [INFO] ApiDb:274 - Set plugin database path to: C:\ST\STM32CubeIDE_1.19.0\STM32CubeIDE\plugins\com.st.stm32cube.common.mx_6.15.0.202507011659\\db\/plugins/boardmanager/
2025-11-14 20:18:44,538 [INFO] ApiDb:261 - Set plugin images path to: C:\ST\STM32CubeIDE_1.19.0\STM32CubeIDE\plugins\com.st.stm32cube.common.mx_6.15.0.202507011659\\db\/plugins/mcufinder/images/
2025-11-14 20:18:44,538 [WARN] DbFile:41 - Overriding database path with different value: C:\Users\KICHU\.stmcufinder\plugins\mcufinder/ => C:\Users\KICHU\.stmcufinder\plugins\mcufinder
2025-11-14 20:18:44,539 [INFO] ApiDb:250 - Set database path to: C:\Users\KICHU\.stmcufinder\plugins\mcufinder//mcu/
2025-11-14 20:18:44,539 [WARN] DbFile:41 - Overriding database path with different value: C:\Users\KICHU\.stmcufinder\plugins\mcufinder/ => C:\Users\KICHU\.stmcufinder\plugins\mcufinder
2025-11-14 20:18:44,539 [INFO] DbMcusAds:125 - Set database path to: C:\Users\KICHU\.stmcufinder\plugins\mcufinder//mcu/
2025-11-14 20:18:44,539 [WARN] DbFile:41 - Overriding database path with different value: C:\Users\KICHU\.stmcufinder\plugins\mcufinder/ => C:\Users\KICHU\.stmcufinder\plugins\mcufinder
2025-11-14 20:18:44,539 [WARN] DbFile:41 - Overriding database path with different value: C:\Users\KICHU\.stmcufinder\plugins\mcufinder/ => C:\Users\KICHU\.stmcufinder\plugins\mcufinder
2025-11-14 20:18:44,539 [INFO] CrossReferenceDbSqlite:203 - Set database path to: C:\Users\KICHU\.stmcufinder\plugins\mcufinder//mcu/cs/
2025-11-14 20:18:44,557 [INFO] ApplicationProperties:184 - Using Application install path: C:\ST\STM32CubeIDE_1.19.0\STM32CubeIDE\plugins\com.st.stm32cube.common.mx_6.15.0.202507011659
2025-11-14 20:18:44,559 [INFO] PluginManage:196 - Search for loadable plugins [exclusion list=, ]
2025-11-14 20:18:44,560 [INFO] PluginManage:310 - Check plugin analytics
2025-11-14 20:18:44,804 [INFO] AnalyticsPlugin:253 - Accepted Software Licenses: 
2025-11-14 20:18:44,804 [INFO] AnalyticsPlugin:255 - Accepted CMSIS Pack Licenses: 
2025-11-14 20:18:44,805 [INFO] AnalyticsPlugin:257 - Accepted Firmware Licenses: 
2025-11-14 20:18:44,808 [INFO] PluginManage:359 - Loaded plugin analytics (category:tool,tabindex:-1)
2025-11-14 20:18:44,808 [INFO] PluginManage:310 - Check plugin cadmodel
2025-11-14 20:18:44,814 [INFO] CADModel:105 - Init CAD model plugin
2025-11-14 20:18:44,815 [INFO] PluginManage:359 - Loaded plugin cadmodel (category:power,tabindex:5)
2025-11-14 20:18:44,815 [INFO] PluginManage:310 - Check plugin clock
2025-11-14 20:18:44,828 [INFO] PluginManage:359 - Loaded plugin clock (category:base,tabindex:2)
2025-11-14 20:18:44,828 [INFO] PluginManage:310 - Check plugin ddr
2025-11-14 20:18:44,832 [INFO] PluginManage:359 - Loaded plugin ddr (category:tool,tabindex:6)
2025-11-14 20:18:44,832 [INFO] PluginManage:310 - Check plugin filemanager
2025-11-14 20:18:45,107 [INFO] PluginManage:359 - Loaded plugin filemanager (category:base,tabindex:10)
2025-11-14 20:18:45,107 [INFO] PluginManage:310 - Check plugin ipmanager
2025-11-14 20:18:45,130 [INFO] PluginManage:359 - Loaded plugin ipmanager (category:base,tabindex:5)
2025-11-14 20:18:45,130 [INFO] PluginManage:310 - Check plugin lpbam
2025-11-14 20:18:45,141 [INFO] PluginManage:359 - Loaded plugin lpbam (category:base,tabindex:0)
2025-11-14 20:18:45,141 [INFO] PluginManage:310 - Check plugin memorymap
2025-11-14 20:18:45,159 [INFO] PluginManage:359 - Loaded plugin memorymap (category:base,tabindex:4)
2025-11-14 20:18:45,159 [INFO] PluginManage:310 - Check plugin pinoutandconfiguration
2025-11-14 20:18:45,168 [INFO] PluginManage:359 - Loaded plugin pinoutandconfiguration (category:base,tabindex:1)
2025-11-14 20:18:45,169 [INFO] PluginManage:310 - Check plugin pinoutconfig
2025-11-14 20:18:45,264 [WARN] SupportedApi:132 - Cannot load RTOS API schema: s4s-elt-must-match.1: The content of 'definitions' must match (annotation?, (simpleType | complexType)?, (unique | key | keyref)*)). A problem was found starting at: attribute.
2025-11-14 20:18:45,416 [INFO] PluginManage:359 - Loaded plugin pinoutconfig (category:base,tabindex:0)
2025-11-14 20:18:45,417 [INFO] PluginManage:310 - Check plugin power
2025-11-14 20:18:45,426 [INFO] PluginManage:359 - Loaded plugin power (category:power,tabindex:4)
2025-11-14 20:18:45,427 [INFO] PluginManage:310 - Check plugin projectmanager
2025-11-14 20:18:45,450 [INFO] PluginManage:359 - Loaded plugin projectmanager (category:projectmanager,tabindex:4)
2025-11-14 20:18:45,450 [INFO] PluginManage:310 - Check plugin rif
2025-11-14 20:18:45,461 [INFO] PluginManage:359 - Loaded plugin rif (category:base,tabindex:3)
2025-11-14 20:18:45,461 [INFO] PluginManage:310 - Check plugin thirdparty
2025-11-14 20:18:45,617 [WARN] IntegrityCheckThread:84 - waiting for thirdparty lock release [integrity check]
2025-11-14 20:18:45,618 [INFO] IntegrityCheckThread:86 - entering critical section [integrity check]
2025-11-14 20:18:45,618 [INFO] PluginManage:359 - Loaded plugin thirdparty (category:base,tabindex:-1)
2025-11-14 20:18:45,618 [INFO] PluginManage:310 - Check plugin tools
2025-11-14 20:18:45,618 [INFO] ThirdPartyUpdaterWithRetryManager:70 - Updater plugin not ready yet. [1/15]
2025-11-14 20:18:45,621 [INFO] PluginManage:359 - Loaded plugin tools (category:base,tabindex:7)
2025-11-14 20:18:45,622 [INFO] PluginManage:310 - Check plugin tutovideos
2025-11-14 20:18:45,860 [INFO] PluginManage:359 - Loaded plugin tutovideos (category:base,tabindex:-1)
2025-11-14 20:18:45,860 [INFO] PluginManage:310 - Check plugin updater
2025-11-14 20:18:45,885 [INFO] PluginManage:359 - Loaded plugin updater (category:base,tabindex:12)
2025-11-14 20:18:45,885 [INFO] PluginManage:310 - Check plugin userauth
2025-11-14 20:18:45,889 [INFO] UserAuth:118 - Init User Auth plugin
2025-11-14 20:18:45,890 [INFO] PluginManage:359 - Loaded plugin userauth (category:base,tabindex:14)
2025-11-14 20:18:45,891 [INFO] PluginManage:283 - PluginManage : Loaded plugins [18]
2025-11-14 20:18:46,104 [INFO] PinOutPanel:1589 - setPackage(No Configuration,No Configuration)
2025-11-14 20:18:46,191 [INFO] CADModel:165 - CPN selected for project level
2025-11-14 20:18:46,191 [INFO] CADModel:114 - Register for checkConnection events
2025-11-14 20:18:46,209 [INFO] IPUIPlugin:80 - create IPUIPlugin
2025-11-14 20:18:46,209 [INFO] PluginManager:220 - loadIPPluginJar : add adc
2025-11-14 20:18:46,211 [INFO] IPUIPlugin:80 - create IPUIPlugin
2025-11-14 20:18:46,212 [INFO] PluginManager:220 - loadIPPluginJar : add aes
2025-11-14 20:18:46,214 [INFO] IPUIPlugin:80 - create IPUIPlugin
2025-11-14 20:18:46,214 [INFO] PluginManager:220 - loadIPPluginJar : add can
2025-11-14 20:18:46,216 [INFO] IPUIPlugin:80 - create IPUIPlugin
2025-11-14 20:18:46,216 [INFO] PluginManager:220 - loadIPPluginJar : add comp
2025-11-14 20:18:46,219 [INFO] IPUIPlugin:80 - create IPUIPlugin
2025-11-14 20:18:46,219 [INFO] PluginManager:220 - loadIPPluginJar : add cryp
2025-11-14 20:18:46,221 [INFO] IPUIPlugin:80 - create IPUIPlugin
2025-11-14 20:18:46,221 [INFO] PluginManager:220 - loadIPPluginJar : add ddr_ctrl_phy
2025-11-14 20:18:46,224 [INFO] IPUIPlugin:80 - create IPUIPlugin
2025-11-14 20:18:46,224 [INFO] PluginManager:220 - loadIPPluginJar : add dfsdm
2025-11-14 20:18:46,228 [INFO] IPUIPlugin:80 - create IPUIPlugin
2025-11-14 20:18:46,229 [INFO] PluginManager:220 - loadIPPluginJar : add dma
2025-11-14 20:18:46,232 [INFO] IPUIPlugin:80 - create IPUIPlugin
2025-11-14 20:18:46,232 [INFO] PluginManager:220 - loadIPPluginJar : add dma3
2025-11-14 20:18:46,235 [INFO] IPUIPlugin:80 - create IPUIPlugin
2025-11-14 20:18:46,235 [INFO] PluginManager:220 - loadIPPluginJar : add extmemmanager
2025-11-14 20:18:46,238 [INFO] IPUIPlugin:80 - create IPUIPlugin
2025-11-14 20:18:46,238 [INFO] PluginManager:220 - loadIPPluginJar : add fatfs
2025-11-14 20:18:46,242 [INFO] IPUIPlugin:80 - create IPUIPlugin
2025-11-14 20:18:46,243 [INFO] PluginManager:220 - loadIPPluginJar : add fmc
2025-11-14 20:18:46,251 [INFO] IPUIPlugin:80 - create IPUIPlugin
2025-11-14 20:18:46,251 [INFO] PluginManager:220 - loadIPPluginJar : add freertos
2025-11-14 20:18:46,252 [INFO] IPUIPlugin:80 - create IPUIPlugin
2025-11-14 20:18:46,253 [INFO] PluginManager:220 - loadIPPluginJar : add genericplugin
2025-11-14 20:18:46,254 [INFO] IPUIPlugin:80 - create IPUIPlugin
2025-11-14 20:18:46,255 [INFO] PluginManager:220 - loadIPPluginJar : add gfxmmu
2025-11-14 20:18:46,260 [INFO] IPUIPlugin:80 - create IPUIPlugin
2025-11-14 20:18:46,260 [INFO] PluginManager:220 - loadIPPluginJar : add gic
2025-11-14 20:18:46,263 [INFO] IPUIPlugin:80 - create IPUIPlugin
2025-11-14 20:18:46,263 [INFO] PluginManager:220 - loadIPPluginJar : add gpio
2025-11-14 20:18:46,266 [INFO] IPUIPlugin:80 - create IPUIPlugin
2025-11-14 20:18:46,266 [INFO] PluginManager:220 - loadIPPluginJar : add gtzc
2025-11-14 20:18:46,268 [INFO] IPUIPlugin:80 - create IPUIPlugin
2025-11-14 20:18:46,268 [INFO] PluginManager:220 - loadIPPluginJar : add hash
2025-11-14 20:18:46,271 [INFO] IPUIPlugin:80 - create IPUIPlugin
2025-11-14 20:18:46,271 [INFO] PluginManager:220 - loadIPPluginJar : add i2c
2025-11-14 20:18:46,274 [INFO] IPUIPlugin:80 - create IPUIPlugin
2025-11-14 20:18:46,274 [INFO] PluginManager:220 - loadIPPluginJar : add i2s
2025-11-14 20:18:46,277 [INFO] IPUIPlugin:80 - create IPUIPlugin
2025-11-14 20:18:46,277 [INFO] PluginManager:220 - loadIPPluginJar : add i3c
2025-11-14 20:18:46,280 [INFO] IPUIPlugin:80 - create IPUIPlugin
2025-11-14 20:18:46,280 [INFO] PluginManager:220 - loadIPPluginJar : add ipddr
2025-11-14 20:18:46,286 [INFO] IPUIPlugin:80 - create IPUIPlugin
2025-11-14 20:18:46,286 [INFO] PluginManager:220 - loadIPPluginJar : add linkedlist
2025-11-14 20:18:46,289 [INFO] IPUIPlugin:80 - create IPUIPlugin
2025-11-14 20:18:46,289 [INFO] PluginManager:220 - loadIPPluginJar : add lorawan
2025-11-14 20:18:46,291 [INFO] IPUIPlugin:80 - create IPUIPlugin
2025-11-14 20:18:46,291 [INFO] PluginManager:220 - loadIPPluginJar : add ltdc
2025-11-14 20:18:46,297 [INFO] IPUIPlugin:80 - create IPUIPlugin
2025-11-14 20:18:46,297 [INFO] PluginManager:220 - loadIPPluginJar : add mdma
2025-11-14 20:18:46,301 [INFO] IPUIPlugin:80 - create IPUIPlugin
2025-11-14 20:18:46,301 [INFO] PluginManager:220 - loadIPPluginJar : add nvic
2025-11-14 20:18:46,304 [INFO] IPUIPlugin:80 - create IPUIPlugin
2025-11-14 20:18:46,304 [INFO] PluginManager:220 - loadIPPluginJar : add opamp
2025-11-14 20:18:46,307 [INFO] IPUIPlugin:80 - create IPUIPlugin
2025-11-14 20:18:46,307 [INFO] PluginManager:220 - loadIPPluginJar : add openamp
2025-11-14 20:18:46,310 [INFO] IPUIPlugin:80 - create IPUIPlugin
2025-11-14 20:18:46,310 [INFO] PluginManager:220 - loadIPPluginJar : add pdm2pcm
2025-11-14 20:18:46,317 [INFO] IPUIPlugin:80 - create IPUIPlugin
2025-11-14 20:18:46,320 [INFO] PluginManager:220 - loadIPPluginJar : add plateformsettings
2025-11-14 20:18:46,322 [INFO] IPUIPlugin:80 - create IPUIPlugin
2025-11-14 20:18:46,322 [INFO] PluginManager:220 - loadIPPluginJar : add quadspi
2025-11-14 20:18:46,324 [INFO] IPUIPlugin:80 - create IPUIPlugin
2025-11-14 20:18:46,324 [INFO] PluginManager:220 - loadIPPluginJar : add radio
2025-11-14 20:18:46,328 [INFO] IPUIPlugin:80 - create IPUIPlugin
2025-11-14 20:18:46,328 [INFO] PluginManager:220 - loadIPPluginJar : add resmgrutility
2025-11-14 20:18:46,331 [INFO] IPUIPlugin:80 - create IPUIPlugin
2025-11-14 20:18:46,331 [INFO] PluginManager:220 - loadIPPluginJar : add sai
2025-11-14 20:18:46,333 [INFO] IPUIPlugin:80 - create IPUIPlugin
2025-11-14 20:18:46,334 [INFO] PluginManager:220 - loadIPPluginJar : add spi
2025-11-14 20:18:46,340 [INFO] IPUIPlugin:80 - create IPUIPlugin
2025-11-14 20:18:46,340 [INFO] PluginManager:220 - loadIPPluginJar : add stm32_wpan
2025-11-14 20:18:46,342 [INFO] IPUIPlugin:80 - create IPUIPlugin
2025-11-14 20:18:46,343 [INFO] PluginManager:220 - loadIPPluginJar : add tim
2025-11-14 20:18:46,347 [INFO] IPUIPlugin:80 - create IPUIPlugin
2025-11-14 20:18:46,347 [INFO] PluginManager:220 - loadIPPluginJar : add touchsensing
2025-11-14 20:18:46,348 [INFO] IPUIPlugin:80 - create IPUIPlugin
2025-11-14 20:18:46,349 [INFO] PluginManager:220 - loadIPPluginJar : add tracer_emb
2025-11-14 20:18:46,350 [INFO] IPUIPlugin:80 - create IPUIPlugin
2025-11-14 20:18:46,351 [INFO] PluginManager:220 - loadIPPluginJar : add ts
2025-11-14 20:18:46,356 [INFO] IPUIPlugin:80 - create IPUIPlugin
2025-11-14 20:18:46,356 [INFO] PluginManager:220 - loadIPPluginJar : add tsc
2025-11-14 20:18:46,358 [INFO] IPUIPlugin:80 - create IPUIPlugin
2025-11-14 20:18:46,359 [INFO] PluginManager:220 - loadIPPluginJar : add ucpd
2025-11-14 20:18:46,362 [INFO] IPUIPlugin:80 - create IPUIPlugin
2025-11-14 20:18:46,362 [INFO] PluginManager:220 - loadIPPluginJar : add usart
2025-11-14 20:18:46,367 [INFO] IPUIPlugin:80 - create IPUIPlugin
2025-11-14 20:18:46,368 [INFO] PluginManager:220 - loadIPPluginJar : add usbx
2025-11-14 20:18:46,510 [FATAL] Updater:351 - Updater called before beeing initialized
2025-11-14 20:18:46,540 [INFO] RulesReader:64 - Compatibility file has been processed (317 Rules)
2025-11-14 20:18:46,556 [INFO] RulesReader:64 - Compatibility file has been processed (317 Rules)
2025-11-14 20:18:46,565 [INFO] CADModel:165 - CPN selected for project level
2025-11-14 20:18:46,565 [INFO] CADModel:114 - Register for checkConnection events
2025-11-14 20:18:46,565 [FATAL] Updater:351 - Updater called before beeing initialized
2025-11-14 20:18:46,565 [ERROR] CADModel:125 - Updater not yet initialized, retry later 
2025-11-14 20:18:46,718 [FATAL] Updater:351 - Updater called before beeing initialized
2025-11-14 20:18:46,720 [INFO] CADModel:165 - CPN selected for project level
2025-11-14 20:18:46,720 [INFO] CADModel:114 - Register for checkConnection events
2025-11-14 20:18:46,720 [FATAL] Updater:351 - Updater called before beeing initialized
2025-11-14 20:18:46,720 [ERROR] CADModel:125 - Updater not yet initialized, retry later 
2025-11-14 20:18:46,724 [FATAL] Updater:351 - Updater called before beeing initialized
2025-11-14 20:18:46,839 [FATAL] Updater:351 - Updater called before beeing initialized
2025-11-14 20:18:46,843 [INFO] DbMcusAds:53 - JSON generation date=Thu Sep 30 12:25:09 IST 2021 (1632984909247)
2025-11-14 20:18:46,843 [FATAL] Updater:351 - Updater called before beeing initialized
2025-11-14 20:18:46,883 [WARN] DetailPanel:346 - Failed to get advertising image, set to default
2025-11-14 20:18:46,971 [FATAL] Updater:351 - Updater called before beeing initialized
2025-11-14 20:18:46,973 [FATAL] Updater:351 - Updater called before beeing initialized
2025-11-14 20:18:46,973 [FATAL] Updater:351 - Updater called before beeing initialized
2025-11-14 20:18:46,973 [WARN] DetailPanel:346 - Failed to get advertising image, set to default
2025-11-14 20:18:46,973 [FATAL] Updater:351 - Updater called before beeing initialized
2025-11-14 20:18:47,020 [ERROR] Updater:1198 - MainUpdater not yet initialized. External WinMGr cannot be set.
2025-11-14 20:18:47,021 [INFO] Updater:1134 - Updater Version found : 6.15.0
2025-11-14 20:18:47,034 [INFO] ApplicationProperties:184 - Using Application install path: C:\ST\STM32CubeIDE_1.19.0\STM32CubeIDE\plugins\com.st.stm32cube.common.mx_6.15.0.202507011659
2025-11-14 20:18:48,598 [ERROR] LogOutputStream:75 - [STDERR_REDIRECT] Nov 14, 2025 8:18:48 PM java.util.prefs.WindowsPreferences <init>
2025-11-14 20:18:48,599 [ERROR] LogOutputStream:75 - [STDERR_REDIRECT] WARNING: Could not open/create prefs root node Software\JavaSoft\Prefs at root 0xffffffff80000002. Windows RegCreateKeyEx(...) returned error code 5.
2025-11-14 20:18:48,600 [ERROR] LogOutputStream:75 - [STDERR_REDIRECT] 
2025-11-14 20:18:48,621 [INFO] ThirdPartyUpdaterWithRetryManager:70 - Updater plugin not ready yet. [2/15]
2025-11-14 20:18:48,848 [INFO] MainUpdater:2872 - connection check result : 10
2025-11-14 20:18:48,851 [INFO] MainUpdater:289 - Updater Check For Update Now.
2025-11-14 20:18:48,851 [INFO] MicroXplorer:498 - Change Database Version : DB.6.0.150
2025-11-14 20:18:48,866 [INFO] McuFinderGlobals:63 - Set McuFinder mode to 2 (CubeIDE integrated)
2025-11-14 20:18:48,867 [INFO] UserAuth:171 - activating auth plugin
2025-11-14 20:18:48,873 [INFO] UserAuth:487 - Internet connection configuration mode: 1
2025-11-14 20:18:48,919 [INFO] JxBrowserEngine:152 - Initiate JxBrowser Engine with user profile folder
2025-11-14 20:18:49,091 [INFO] CheckServerUpdateThread:120 - End of CheckServer Thread
2025-11-14 20:18:49,669 [INFO] WebApp:169 - Instantiating new browser for Auth
2025-11-14 20:18:50,460 [INFO] WebApp:463 - Apply proxy settings
2025-11-14 20:18:50,460 [INFO] WebApp:548 - Chromium requires no authentication
2025-11-14 20:18:50,471 [INFO] WebApp:491 - Direct internet connection detected
2025-11-14 20:18:50,503 [INFO] WebApp:900 - Register for checkConnection events
2025-11-14 20:18:50,504 [INFO] WebApp:463 - Apply proxy settings
2025-11-14 20:18:50,504 [INFO] WebApp:548 - Chromium requires no authentication
2025-11-14 20:18:50,504 [INFO] WebApp:491 - Direct internet connection detected
2025-11-14 20:18:50,694 [INFO] WebApp:225 - Starting web application
2025-11-14 20:18:50,695 [INFO] WebApp:593 - Web application path used C:\ST\STM32CubeIDE_1.19.0\STM32CubeIDE\plugins\com.st.stm32cube.common.mx_6.15.0.202507011659\db\plugins\mcufinder\reactClient1\index.html
2025-11-14 20:18:50,882 [INFO] WebApp:191 - Connection restablished
2025-11-14 20:18:51,865 [WARN] PackLoader:240 - Cannot read IP mode file for STMicroelectronics.FP-SNS-MOTENVWB1.1.4.0
2025-11-14 20:18:51,877 [WARN] PackLoader:240 - Cannot read IP mode file for STMicroelectronics.FP-ATR-ASTRA1.2.0.2
2025-11-14 20:18:51,893 [WARN] PackLoader:240 - Cannot read IP mode file for STMicroelectronics.X-CUBE-SMBUS.2.1.0
2025-11-14 20:18:51,903 [WARN] PackLoader:240 - Cannot read IP mode file for STMicroelectronics.X-CUBE-ST60.1.0.0
2025-11-14 20:18:51,965 [WARN] PackLoader:240 - Cannot read IP mode file for STMicroelectronics.X-CUBE-AZRTOS-F7.1.1.0
2025-11-14 20:18:51,991 [WARN] PackLoader:240 - Cannot read IP mode file for Cesanta.I-CUBE-Mongoose.7.19.0
2025-11-14 20:18:51,999 [WARN] PackLoader:240 - Cannot read IP mode file for STMicroelectronics.FP-SNS-MOTENV1.5.1.0
2025-11-14 20:18:52,018 [WARN] PackLoader:240 - Cannot read IP mode file for WES.I-CUBE-Cesium.1.4.0
2025-11-14 20:18:52,080 [WARN] PackLoader:240 - Cannot read IP mode file for Infineon.AIROC-Wi-Fi-Bluetooth-STM32.1.7.1
2025-11-14 20:18:52,106 [WARN] PackLoader:240 - Cannot read IP mode file for STMicroelectronics.X-CUBE-DISPLAY.3.0.0
2025-11-14 20:18:52,132 [WARN] PackLoader:240 - Cannot read IP mode file for STMicroelectronics.X-CUBE-NFC10.1.0.0
2025-11-14 20:18:52,145 [WARN] PackLoader:240 - Cannot read IP mode file for STMicroelectronics.X-CUBE-ST60.1.1.0
2025-11-14 20:18:52,156 [WARN] PackLoader:240 - Cannot read IP mode file for emotas.I-CUBE-CANOPEN.1.3.0
2025-11-14 20:18:52,167 [WARN] PackLoader:240 - Cannot read IP mode file for STMicroelectronics.X-CUBE-GNSS1.7.1.0
2025-11-14 20:18:52,180 [WARN] PackLoader:240 - Cannot read IP mode file for STMicroelectronics.FP-SNS-SMARTAG2.1.2.0
2025-11-14 20:18:52,187 [WARN] PackLoader:240 - Cannot read IP mode file for STMicroelectronics.FP-SNS-FLIGHT1.5.1.0
2025-11-14 20:18:52,205 [INFO] LogOutputStream:77 - [STDOUT_REDIRECT] 1 : Invalid condition id : UX_CORESTACK_Condition cause : null
2025-11-14 20:18:52,205 [INFO] LogOutputStream:77 - [STDOUT_REDIRECT] 1 : Invalid condition id : UX_CORESTACK_Condition cause : null
2025-11-14 20:18:52,208 [INFO] LogOutputStream:77 - [STDOUT_REDIRECT] 1 : Invalid condition id : UX_CORESTACK_Condition cause : null
2025-11-14 20:18:52,210 [INFO] LogOutputStream:77 - [STDOUT_REDIRECT] 1 : Invalid condition id : UX_CORESTACK_Condition cause : null
2025-11-14 20:18:52,213 [INFO] LogOutputStream:77 - [STDOUT_REDIRECT] 1 : Invalid condition id : UX_CORESTACK_Condition cause : null
2025-11-14 20:18:52,218 [WARN] PackLoader:240 - Cannot read IP mode file for STMicroelectronics.X-CUBE-AZRTOS-WL.2.0.0
2025-11-14 20:18:52,228 [WARN] PackLoader:240 - Cannot read IP mode file for STMicroelectronics.FP-SNS-MOTENV1.5.0.0
2025-11-14 20:18:52,239 [WARN] PackLoader:240 - Cannot read IP mode file for STMicroelectronics.X-CUBE-BLE2.3.3.0
2025-11-14 20:18:52,274 [WARN] PackLoader:240 - Cannot read IP mode file for STMicroelectronics.X-CUBE-NFC9.1.0.0
2025-11-14 20:18:52,285 [WARN] PackLoader:240 - Cannot read IP mode file for STMicroelectronics.X-CUBE-BLE1.7.1.0
2025-11-14 20:18:52,296 [WARN] PackLoader:240 - Cannot read IP mode file for STMicroelectronics.X-CUBE-ST67W61.1.1.0
2025-11-14 20:18:52,324 [WARN] PackLoader:240 - Cannot read IP mode file for STMicroelectronics.X-CUBE-AZRTOS-G0.1.1.0
2025-11-14 20:18:52,339 [WARN] PackLoader:240 - Cannot read IP mode file for STMicroelectronics.X-CUBE-SAFEA1.1.2.2
2025-11-14 20:18:52,350 [WARN] PackLoader:240 - Cannot read IP mode file for STMicroelectronics.X-CUBE-NFC4.3.0.0
2025-11-14 20:18:52,365 [WARN] PackLoader:240 - Cannot read IP mode file for EmbeddedOffice.I-CUBE-FS-RTOS.1.0.1
2025-11-14 20:18:52,374 [WARN] PackLoader:240 - Cannot read IP mode file for STMicroelectronics.X-CUBE-WB05N.2.0.0
2025-11-14 20:18:52,385 [WARN] PackLoader:240 - Cannot read IP mode file for STMicroelectronics.X-CUBE-TCPP.4.2.0
2025-11-14 20:18:52,396 [WARN] PackLoader:240 - Cannot read IP mode file for RealThread.X-CUBE-RT-Thread_Nano.4.1.1
2025-11-14 20:18:52,402 [WARN] PackLoader:240 - Cannot read IP mode file for STMicroelectronics.FP-ATR-SIGFOX1.3.2.0
2025-11-14 20:18:52,412 [WARN] PackLoader:240 - Cannot read IP mode file for ITTIA_DB.I-CUBE-ITTIADB.8.9.0
2025-11-14 20:18:52,419 [WARN] PackLoader:240 - Cannot read IP mode file for STMicroelectronics.X-CUBE-ST67W61.1.0.0
2025-11-14 20:18:52,488 [WARN] PackLoader:240 - Cannot read IP mode file for SEGGER.I-CUBE-embOS.1.3.1
2025-11-14 20:18:52,569 [WARN] PackLoader:240 - Cannot read IP mode file for STMicroelectronics.X-CUBE-ALGOBUILD.1.4.0
2025-11-14 20:18:52,640 [WARN] PackLoader:240 - Cannot read IP mode file for STMicroelectronics.X-CUBE-MEMS1.11.3.0
2025-11-14 20:18:52,861 [WARN] PackLoader:240 - Cannot read IP mode file for STMicroelectronics.X-CUBE-PM33A1.1.0.0
2025-11-14 20:18:52,887 [WARN] PackLoader:240 - Cannot read IP mode file for STMicroelectronics.X-CUBE-AZRTOS-F4.1.1.0
2025-11-14 20:18:52,899 [WARN] PackLoader:240 - Cannot read IP mode file for STMicroelectronics.X-CUBE-ISPU.2.1.0
2025-11-14 20:18:52,926 [WARN] PackLoader:240 - Cannot read IP mode file for STMicroelectronics.X-CUBE-IPS.3.2.0
2025-11-14 20:18:53,016 [WARN] PackLoader:240 - Cannot read IP mode file for STMicroelectronics.X-CUBE-AZRTOS-L5.2.0.0
2025-11-14 20:18:53,039 [WARN] PackLoader:240 - Cannot read IP mode file for STMicroelectronics.X-CUBE-NFC6.3.1.0
2025-11-14 20:18:53,054 [WARN] PackLoader:240 - Cannot read IP mode file for STMicroelectronics.X-CUBE-FREERTOS.1.3.1
2025-11-14 20:18:53,062 [WARN] PackLoader:240 - Cannot read IP mode file for STMicroelectronics.X-CUBE-TOUCHGFX.4.26.0
2025-11-14 20:18:53,078 [WARN] PackLoader:240 - Cannot read IP mode file for STMicroelectronics.X-CUBE-DPower.1.3.0
2025-11-14 20:18:53,108 [WARN] ConditionMgr:438 - getConditionDescription Invalid condition id : LAN8742 Phy interface Condition cause : null
2025-11-14 20:18:53,110 [WARN] PackLoader:240 - Cannot read IP mode file for STMicroelectronics.X-CUBE-AZRTOS-L4.2.0.0
2025-11-14 20:18:53,112 [WARN] ConditionMgr:1044 - genDependencies : Invalid condition id : LAN8742 Phy interface Condition cause : null
2025-11-14 20:18:53,112 [WARN] ConditionMgr:1044 - genDependencies : Invalid condition id : LAN8742 Phy interface Condition cause : null
2025-11-14 20:18:53,113 [WARN] ConditionMgr:1044 - genDependencies : Invalid condition id : LAN8742 Phy interface Condition cause : null
2025-11-14 20:18:53,127 [WARN] PackLoader:240 - Cannot read IP mode file for STMicroelectronics.X-CUBE-SFXS2LP1.4.0.0
2025-11-14 20:18:53,151 [WARN] ConditionMgr:438 - getConditionDescription Invalid condition id : UX DEVICE CLASS RTOS Condition cause : null
2025-11-14 20:18:53,151 [WARN] ConditionMgr:438 - getConditionDescription Invalid condition id : UX DEVICE CLASS RTOS Condition cause : null
2025-11-14 20:18:53,155 [WARN] PackLoader:240 - Cannot read IP mode file for STMicroelectronics.X-CUBE-AZRTOS-WB.2.0.0
2025-11-14 20:18:53,157 [WARN] ConditionMgr:1044 - genDependencies : Invalid condition id : UX DEVICE CLASS RTOS Condition cause : null
2025-11-14 20:18:53,157 [WARN] ConditionMgr:1044 - genDependencies : Invalid condition id : UX DEVICE CLASS RTOS Condition cause : null
2025-11-14 20:18:53,158 [WARN] ConditionMgr:1044 - genDependencies : Invalid condition id : UX DEVICE CLASS RTOS Condition cause : null
2025-11-14 20:18:53,159 [WARN] ConditionMgr:1044 - genDependencies : Invalid condition id : UX DEVICE CLASS RTOS Condition cause : null
2025-11-14 20:18:53,159 [WARN] ConditionMgr:1044 - genDependencies : Invalid condition id : UX DEVICE CLASS RTOS Condition cause : null
2025-11-14 20:18:53,168 [WARN] PackLoader:240 - Cannot read IP mode file for STMicroelectronics.X-CUBE-GNSS1.7.0.1
2025-11-14 20:18:53,173 [WARN] PackLoader:240 - Cannot read IP mode file for STMicroelectronics.X-CUBE-TOUCHGFX.4.25.0
2025-11-14 20:18:53,179 [WARN] ConditionMgr:438 - getConditionDescription Invalid condition id : Cortex-A Device cause : null
2025-11-14 20:18:53,191 [WARN] ConditionMgr:1044 - genDependencies : Invalid condition id : Cortex-A Device cause : null
2025-11-14 20:18:53,192 [WARN] ConditionMgr:1044 - genDependencies : Invalid condition id : Cortex-A Device cause : null
2025-11-14 20:18:53,192 [WARN] ConditionMgr:1044 - genDependencies : Invalid condition id : Cortex-A Device cause : null
2025-11-14 20:18:53,207 [WARN] PackLoader:240 - Cannot read IP mode file for STMicroelectronics.X-CUBE-SUBG2.5.0.0
2025-11-14 20:18:53,247 [WARN] PackLoader:240 - Cannot read IP mode file for STMicroelectronics.X-CUBE-AZRTOS-H7RS.1.1.0
2025-11-14 20:18:53,278 [WARN] PackLoader:240 - Cannot read IP mode file for STMicroelectronics.X-CUBE-AZRTOS-G4.2.0.0
2025-11-14 20:18:53,286 [WARN] PackLoader:240 - Cannot read IP mode file for wolfSSL.I-CUBE-wolfSSH.1.4.20
2025-11-14 20:18:53,293 [WARN] PackLoader:240 - Cannot read IP mode file for STMicroelectronics.X-CUBE-NFC7.2.0.0
2025-11-14 20:18:53,335 [WARN] PackLoader:240 - Cannot read IP mode file for STMicroelectronics.X-CUBE-IPS.3.1.0
2025-11-14 20:18:53,351 [WARN] PackLoader:240 - Cannot read IP mode file for STMicroelectronics.X-CUBE-ALS.1.0.2
2025-11-14 20:18:53,364 [WARN] PackLoader:240 - Cannot read IP mode file for STMicroelectronics.X-CUBE-STSE01.1.0.0
2025-11-14 20:18:53,381 [WARN] PackLoader:240 - Cannot read IP mode file for STMicroelectronics.X-CUBE-TOF1.3.4.3
2025-11-14 20:18:53,398 [INFO] ThirdParty:978 - Integrity check success = true
2025-11-14 20:18:53,399 [INFO] IntegrityCheckThread:100 - exiting critical section [integrity check]
2025-11-14 20:18:53,399 [INFO] IntegrityCheckThread:103 - End integrity checks thread
2025-11-14 20:24:01,954 [INFO] McuFinderGlobals:63 - Set McuFinder mode to 2 (CubeIDE integrated)
2025-11-14 20:24:01,958 [INFO] MainUpdater:2872 - connection check result : 10
2025-11-14 20:24:01,960 [INFO] McuFinderGlobals:76 - Set McuFinderConnectedMode to true
2025-11-14 20:24:02,346 [INFO] ServerAccessManage:452 - Complete download http(s) 200
2025-11-14 20:24:02,347 [INFO] ServerAccessManage:509 - Download File mcusAds.json._tmp_
2025-11-14 20:24:02,465 [INFO] LoadUrlFilesThread:156 - End of LoadUrlFiles Thread
2025-11-14 20:24:02,770 [INFO] ServerAccessManage:452 - Complete download http(s) 200
2025-11-14 20:24:02,771 [INFO] ServerAccessManage:509 - Download File cube-finder-db.zip
2025-11-14 20:24:16,454 [INFO] FileExtend:248 - Unzip File : cube-finder-db.zip
2025-11-14 20:24:16,454 [INFO] FileExtend:263 - Standard Zip Deflate
2025-11-14 20:24:17,084 [INFO] LoadUrlFilesThread:156 - End of LoadUrlFiles Thread
2025-11-14 20:24:19,023 [INFO] ServerAccessManage:452 - Complete download http(s) 200
2025-11-14 20:24:19,023 [INFO] ServerAccessManage:509 - Download File crdb.zip
2025-11-14 20:24:50,531 [INFO] FileExtend:248 - Unzip File : crdb.zip
2025-11-14 20:24:50,532 [INFO] FileExtend:263 - Standard Zip Deflate
2025-11-14 20:24:50,662 [INFO] LoadUrlFilesThread:156 - End of LoadUrlFiles Thread
2025-11-14 20:24:50,917 [INFO] ServerAccessManage:452 - Complete download http(s) 200
2025-11-14 20:24:50,917 [INFO] ServerAccessManage:509 - Download File tutoVideoDB.zip
2025-11-14 20:24:50,953 [INFO] FileExtend:248 - Unzip File : tutoVideoDB.zip
2025-11-14 20:24:50,953 [INFO] FileExtend:263 - Standard Zip Deflate
2025-11-14 20:24:51,061 [INFO] LoadUrlFilesThread:156 - End of LoadUrlFiles Thread
2025-11-14 20:24:51,063 [WARN] DbFile:41 - Overriding database path with different value: C:\Users\KICHU\.stmcufinder\plugins\mcufinder/ => C:\Users\KICHU\.stmcufinder\plugins\mcufinder
2025-11-14 20:24:51,243 [INFO] ServerAccessManage:452 - Complete download http(s) 200
2025-11-14 20:24:51,243 [INFO] ServerAccessManage:509 - Download File api_config.json
2025-11-14 20:24:51,351 [INFO] LoadUrlFilesThread:156 - End of LoadUrlFiles Thread
2025-11-14 20:24:51,352 [INFO] DbMcusAds:53 - JSON generation date=Mon Nov 10 16:13:01 IST 2025 (1762771381096)
2025-11-14 20:24:51,528 [INFO] ServerAccessManage:452 - Complete download http(s) 200
2025-11-14 20:24:51,529 [INFO] ServerAccessManage:509 - Download File 
2025-11-14 20:24:51,564 [INFO] LoadUrlFilesThread:185 - End of LoadServerUrlFiles without Thread
2025-11-14 20:24:51,565 [INFO] TargetSelectorAdapter:259 - Refresh data is successful
2025-11-14 20:24:51,687 [INFO] ApiDb:581 - Connected to CubeFinder SQLite database (C:\Users\KICHU\.stmcufinder\plugins\mcufinder\mcu\cube-finder-db.db)
2025-11-14 20:24:51,753 [INFO] ApiDb:668 - CubeFinder database Data Model version=2.1
2025-11-14 20:24:51,753 [INFO] ApiDb:669 - CubeFinder database Configuration version=3.0.39
2025-11-14 20:24:51,754 [INFO] ApiDb:670 - CubeFinder database generation date=2025-11-05 (1762334721)
2025-11-14 20:24:51,754 [INFO] ApiDb:671 - CubeFinder database FW Pack versions=[FP-ATR-ASTRA1_V2.0.0, FP-SNS-FLIGHT1_V5.1.0, FP-SNS-MOTENV1_V5.1.0, FP-SNS-MOTENVWB1_V1.4.0, FP-SNS-SMARTAG2_V1.2.0, FP-SNS-STBOX1_V2.1.0, STM32Cube_FW_C0_V1.4.0, STM32Cube_FW_F4_V1.28.3, STM32Cube_FW_F7_V1.17.4, STM32Cube_FW_G0_V1.6.2, STM32Cube_FW_G4_V1.6.1, STM32Cube_FW_H5_V1.5.1, STM32Cube_FW_H7RS_V1.3.0, STM32Cube_FW_H7_V1.12.1, STM32Cube_FW_L0_V1.12.2, STM32Cube_FW_L4_V1.18.1, STM32Cube_FW_L5_V1.6.0, STM32Cube_FW_N6_V1.3.0, STM32Cube_FW_U0_V1.3.0, STM32Cube_FW_U3_V1.2.1, STM32Cube_FW_U5_V1.8.0, STM32Cube_FW_WB0_V1.4.0, STM32Cube_FW_WBA_V1.8.0, STM32Cube_FW_WB_V1.24.0, STM32Cube_FW_WL3_V1.3.0, STM32Cube_FW_WL_V1.4.0, X-CUBE-ALGOBUILD_V1.4.0, X-CUBE-ALS_V1.0.2, X-CUBE-AZRTOS-F4_V1.1.0, X-CUBE-AZRTOS-F7_V1.1.0, X-CUBE-AZRTOS-G0_V1.1.0, X-CUBE-AZRTOS-G4_V2.0.0, X-CUBE-AZRTOS-H7RS_V1.1.0, X-CUBE-AZRTOS-H7_V3.4.0, X-CUBE-AZRTOS-L4_V2.0.0, X-CUBE-AZRTOS-L5_V2.0.0, X-CUBE-AZRTOS-WB_V2.0.0, X-CUBE-AZRTOS-WL_V2.0.0, X-CUBE-BLE1_V7.1.0, X-CUBE-BLE2_V3.3.0, X-CUBE-BLEMGR_V4.1.0, X-CUBE-EEPRMA1_V5.2.0, X-CUBE-FREERTOS_V1.3.1, X-CUBE-GNSS1_V6.0.0, X-CUBE-MEMS1_V11.3.0, X-CUBE-NFC4_V3.0.0, X-CUBE-NFC7_V2.0.0, X-CUBE-SFXS2LP1_V4.0.0, X-CUBE-ST67W61_V1.1.0, X-CUBE-SUBG2_V5.0.0, X-CUBE-TOF1_V3.4.3]
2025-11-14 20:24:54,134 [INFO] ApiDb:240 - Found 880 in-development CPN: [B-G473E-ZEST1S, B-WB1M-WPAN1, B-WBA5M-WPAN, B-WL5M-SUBG1, NUCLEO-C031C6, NUCLEO-C051C8, NUCLEO-C071RB, NUCLEO-C092RC, NUCLEO-H503RB, NUCLEO-H533RE, NUCLEO-H563ZI, NUCLEO-H7S3L8, NUCLEO-N657X0-Q, NUCLEO-U031R8, NUCLEO-U083RC, NUCLEO-U385RG-Q, NUCLEO-U545RE-Q, NUCLEO-U5A5ZJ-Q, NUCLEO-WB05KZ, NUCLEO-WB07CC, NUCLEO-WB09KE, NUCLEO-WBA52CG, NUCLEO-WBA55CG, NUCLEO-WL33CC1, NUCLEO-WL33CC2, STEVAL-PROTEUS1, STEVAL-SMARTAG2, STEVAL-STWINBX1, STM320518-EVAL, STM32C0116-DK, STM32C011D6Y3TR, STM32C011D6Y6TR, STM32C011F4P3, STM32C011F4P6, STM32C011F4U3, STM32C011F4U6TR, STM32C011F6P3, STM32C011F6P6, STM32C011F6U3, STM32C011F6U6TR, STM32C011J4M3, STM32C011J4M6, STM32C011J6M3, STM32C011J6M6, STM32C0316-DK, STM32C031C4T3, STM32C031C4T6, STM32C031C4U3, STM32C031C4U6, STM32C031C6T3, STM32C031C6T6, STM32C031C6U3, STM32C031C6U6, STM32C031F4P3, STM32C031F4P6, STM32C031F6P3, STM32C031F6P6, STM32C031G4U3, STM32C031G4U6, STM32C031G6U3, STM32C031G6U6, STM32C031K4T3, STM32C031K4T6, STM32C031K4U3, STM32C031K4U6, STM32C031K6T3, STM32C031K6T6, STM32C031K6U3, STM32C031K6U6, STM32C051C6T6, STM32C051C6U6, STM32C051C8T6, STM32C051C8U6, STM32C051D8Y6TR, STM32C051F6P6, STM32C051F8P6, STM32C051G6U6, STM32C051G8U6, STM32C051K6T6, STM32C051K6U6, STM32C051K8T6, STM32C071C8T6, STM32C071C8T6N, STM32C071C8U6, STM32C071C8U6N, STM32C071CBT6, STM32C071CBT6N, STM32C071CBU6, STM32C071CBU6N, STM32C071F8P6, STM32C071F8P6N, STM32C071FBP6, STM32C071FBP6N, STM32C071FBY6TR, STM32C071G8U6, STM32C071G8U6N, STM32C071GBU6, STM32C071GBU6N, STM32C071K8T6, STM32C071K8T6N, STM32C071K8U6, STM32C071K8U6N, STM32C071KBT6, STM32C071KBT6N, STM32C071KBU6, STM32C071KBU6N, STM32C071R8T6, STM32C071R8T6N, STM32C071RBI6N, STM32C071RBT6, STM32C071RBT6N, STM32C091CBT6, STM32C091CBU6, STM32C091CCT6, STM32C091CCU6, STM32C091ECY6TR, STM32C091FBP6, STM32C091FCP6, STM32C091GBU6, STM32C091GCU6, STM32C091KBT6, STM32C091KBU6, STM32C091KCT6, STM32C091KCU6, STM32C091RBT6, STM32C091RCI6, STM32C091RCT6, STM32C092CBT6, STM32C092CBU6, STM32C092CCT6, STM32C092CCU6, STM32C092ECY6TR, STM32C092FBP6, STM32C092FCP6, STM32C092GBU6, STM32C092GCU6, STM32C092KBT6, STM32C092KBU6, STM32C092KCT6, STM32C092KCU6, STM32C092RBT6, STM32C092RCI6, STM32C092RCT6, STM32G071K8TXN, STM32G071K8UXN, STM32G081GBU6N, STM32G081KBT6N, STM32G081KBUXN, STM32G0B1CCT6N, STM32G0B1KCT6, STM32G0B1NEY6TR, STM32G0B1RCT6N, STM32G0C1CCT6, STM32G0C1CCT6N, STM32G0C1CCU6N, STM32G0C1CET6N, STM32G0C1CEU6N, STM32G0C1KCT6, STM32G0C1NEY6TR, STM32G0C1RCI6N, STM32G0C1RCT6N, STM32G0C1REI6N, STM32G0C1RET6N, STM32G0C1VCI6, STM32G0C1VEI6, STM32G411C6T3, STM32G411C6T6, STM32G411C6U3, STM32G411C6U6, STM32G411C8T3, STM32G411C8T6, STM32G411C8U3, STM32G411C8U6, STM32G411CBT3, STM32G411CBT6, STM32G411CBU3, STM32G411CBU6, STM32G411K6T3, STM32G411K6T6, STM32G411K6U3, STM32G411K6U6, STM32G411K8T3, STM32G411K8T6, STM32G411K8U3, STM32G411K8U6, STM32G411KBT3, STM32G411KBT6, STM32G411KBU3, STM32G411KBU6, STM32G411M6T3, STM32G411M6T6, STM32G411M8T3, STM32G411M8T6, STM32G411MBT3, STM32G411MBT6, STM32G411R6T3, STM32G411R6T6, STM32G411R8T3, STM32G411R8T6, STM32G411RBT3, STM32G411RBT6, STM32G414CBT3, STM32G414CBT6, STM32G414CBU3, STM32G414CBU6, STM32G414CCT3, STM32G414CCT6, STM32G414CCU3, STM32G414CCU6, STM32G414MBT3, STM32G414MBT6, STM32G414MCT3, STM32G414MCT6, STM32G414RBT3, STM32G414RBT6, STM32G414RCT3, STM32G414RCT6, STM32G414VBT3, STM32G414VBT6, STM32G414VCT3, STM32G414VCT6, STM32G431CBT3Z, STM32G431RBT3Z, STM32G471CCT6, STM32G471CCU6, STM32G471CET3, STM32G471CET6, STM32G471CEU3, STM32G471CEU6, STM32G471MCT6, STM32G471MET3, STM32G471MET6, STM32G471MEY6TR, STM32G471QCT6, STM32G471QET3, STM32G471RCT6, STM32G471RET3, STM32G471RET6, STM32G471VCH6, STM32G471VCI6, STM32G471VCT6, STM32G471VEH3, STM32G471VEH6, STM32G471VEI3, STM32G471VEI6, STM32G471VET3, STM32G471VET6, STM32G473QET3Z, STM32G473RET3Z, STM32G474CCT6, STM32G491RET3Z, STM32H503CBT6, STM32H503CBU6, STM32H503EBY6TR, STM32H503KBU6, STM32H503RBT6, STM32H523CCT6, STM32H523CCU6, STM32H523CET6, STM32H523CEU6, STM32H523HEY6TR, STM32H523RCT6, STM32H523RET6, STM32H523VCI6, STM32H523VCT6, STM32H523VEI6, STM32H523VET6, STM32H523ZCJ6, STM32H523ZCT6, STM32H523ZEJ6, STM32H523ZET6, STM32H533CET6, STM32H533CEU6, STM32H533HEY6TR, STM32H533RET6, STM32H533VEI6, STM32H533VET6, STM32H533ZEJ6, STM32H533ZET6, STM32H562AGI6, STM32H562AII6, STM32H562IGK6, STM32H562IGT6, STM32H562IIK6, STM32H562IIT6, STM32H562RGT6, STM32H562RGV6, STM32H562RIT6, STM32H562RIV6, STM32H562VGT6, STM32H562VIT6, STM32H562ZGT6, STM32H562ZIT6, STM32H563AGI6, STM32H563AII3Q, STM32H563AII6, STM32H563IGK6, STM32H563IGT6, STM32H563IIK3Q, STM32H563IIK6, STM32H563IIT3Q, STM32H563IIT6, STM32H563MIY3QTR, STM32H563RGT6, STM32H563RGV6, STM32H563RIT6, STM32H563RIV6, STM32H563VGT6, STM32H563VIT3Q, STM32H563VIT6, STM32H563ZGT6, STM32H563ZIT3Q, STM32H563ZIT6, STM32H573AII3Q, STM32H573AII6, STM32H573I-DK, STM32H573IIK3Q, STM32H573IIK6, STM32H573IIT3Q, STM32H573IIT6, STM32H573MIY3QTR, STM32H573RIT6, STM32H573RIV6, STM32H573VIT3Q, STM32H573VIT6, STM32H573ZIT3Q, STM32H573ZIT6, STM32H7R3A8I6, STM32H7R3I8K6, STM32H7R3I8T6, STM32H7R3L8H6, STM32H7R3L8H6H, STM32H7R3R8V6, STM32H7R3V8H6, STM32H7R3V8T6, STM32H7R3V8Y6TR, STM32H7R3Z8J6, STM32H7R3Z8T6, STM32H7R7A8I6, STM32H7R7I8K6, STM32H7R7I8T6, STM32H7R7L8H6, STM32H7R7L8H6H, STM32H7R7Z8J6, STM32H7S3A8I6, STM32H7S3I8K6, STM32H7S3I8T6, STM32H7S3L8H6, STM32H7S3L8H6H, STM32H7S3R8V6, STM32H7S3V8H6, STM32H7S3V8T6, STM32H7S3V8Y6TR, STM32H7S3Z8J6, STM32H7S3Z8T6, STM32H7S78-DK, STM32H7S7A8I6, STM32H7S7I8K6, STM32H7S7I8T6, STM32H7S7L8H6, STM32H7S7L8H6H, STM32H7S7Z8J6, STM32L4R5QGI6STR, STM32MP131AAE3, STM32MP131AAF3, STM32MP131AAG3, STM32MP131CAE3, STM32MP131CAF3, STM32MP131CAG3, STM32MP131DAE7, STM32MP131DAF7, STM32MP131DAG7, STM32MP131FAE7, STM32MP131FAF7, STM32MP131FAG7, STM32MP133AAE3, STM32MP133AAF3, STM32MP133AAG3, STM32MP133CAE3, STM32MP133CAF3, STM32MP133CAG3, STM32MP133DAE7, STM32MP133DAF7, STM32MP133DAG7, STM32MP133FAE7, STM32MP133FAF7, STM32MP133FAG7, STM32MP135AAE3, STM32MP135AAF3, STM32MP135AAG3, STM32MP135CAE3, STM32MP135CAF3, STM32MP135CAG3, STM32MP135DAE7, STM32MP135DAF7, STM32MP135DAG7, STM32MP135F-DK, STM32MP135FAE7, STM32MP135FAF7, STM32MP135FAF7T, STM32MP135FAF7U, STM32MP135FAG7, STM32MP211AAL3, STM32MP211AAM3, STM32MP211AAN3, STM32MP211AAO3, STM32MP211CAL3, STM32MP211CAM3, STM32MP211CAN3, STM32MP211CAO3, STM32MP211DAL3, STM32MP211DAM3, STM32MP211DAN3, STM32MP211DAO3, STM32MP211FAL3, STM32MP211FAM3, STM32MP211FAN3, STM32MP211FAO3, STM32MP213AAL3, STM32MP213AAM3, STM32MP213AAN3, STM32MP213AAO3, STM32MP213CAL3, STM32MP213CAM3, STM32MP213CAN3, STM32MP213CAO3, STM32MP213DAL3, STM32MP213DAM3, STM32MP213DAN3, STM32MP213DAO3, STM32MP213FAL3, STM32MP213FAM3, STM32MP213FAN3, STM32MP213FAO3, STM32MP215AAL3, STM32MP215AAM3, STM32MP215AAN3, STM32MP215AAO3, STM32MP215CAL3, STM32MP215CAM3, STM32MP215CAN3, STM32MP215CAO3, STM32MP215DAL3, STM32MP215DAM3, STM32MP215DAN3, STM32MP215DAO3, STM32MP215F-DK, STM32MP215FAL3, STM32MP215FAM3, STM32MP215FAN3, STM32MP215FAO3, STM32MP231AAJ3, STM32MP231AAK3, STM32MP231AAL3, STM32MP231CAJ3, STM32MP231CAK3, STM32MP231CAL3, STM32MP231DAJ3, STM32MP231DAK3, STM32MP231DAL3, STM32MP231FAJ3, STM32MP231FAK3, STM32MP231FAL3, STM32MP233AAJ3, STM32MP233AAK3, STM32MP233AAL3, STM32MP233CAJ3, STM32MP233CAK3, STM32MP233CAL3, STM32MP233DAJ3, STM32MP233DAK3, STM32MP233DAL3, STM32MP233FAJ3, STM32MP233FAK3, STM32MP233FAL3, STM32MP235AAJ3, STM32MP235AAK3, STM32MP235AAL3, STM32MP235CAJ3, STM32MP235CAK3, STM32MP235CAL3, STM32MP235DAJ3, STM32MP235DAK3, STM32MP235DAL3, STM32MP235FAJ3, STM32MP235FAK3, STM32MP235FAL3, STM32MP251AAI3, STM32MP251AAK3, STM32MP251AAL3, STM32MP251CAI3, STM32MP251CAK3, STM32MP251CAL3, STM32MP251DAI3, STM32MP251DAK3, STM32MP251DAL3, STM32MP251FAI3, STM32MP251FAK3, STM32MP251FAL3, STM32MP253AAI3, STM32MP253AAK3, STM32MP253AAL3, STM32MP253CAI3, STM32MP253CAK3, STM32MP253CAL3, STM32MP253DAI3, STM32MP253DAK3, STM32MP253DAL3, STM32MP253FAI3, STM32MP253FAK3, STM32MP253FAL3, STM32MP255AAI3, STM32MP255AAK3, STM32MP255AAL3, STM32MP255CAI3, STM32MP255CAK3, STM32MP255CAL3, STM32MP255DAI3, STM32MP255DAK3, STM32MP255DAL3, STM32MP255FAI3, STM32MP255FAK3, STM32MP255FAL3, STM32MP257AAI3, STM32MP257AAK3, STM32MP257AAL3, STM32MP257CAI3, STM32MP257CAK3, STM32MP257CAL3, STM32MP257DAI3, STM32MP257DAK3, STM32MP257DAL3, STM32MP257F-DK, STM32MP257F-EV1, STM32MP257FAI3, STM32MP257FAK3, STM32MP257FAL3, STM32N645A0H3Q, STM32N645B0H3Q, STM32N645I0H3Q, STM32N645L0H3Q, STM32N645X0H3Q, STM32N645Z0H3Q, STM32N647A0H3Q, STM32N647B0H3Q, STM32N647I0H3Q, STM32N647L0H3Q, STM32N647X0H3Q, STM32N647Z0H3Q, STM32N655A0H3Q, STM32N655B0H3Q, STM32N655I0H3Q, STM32N655L0H3Q, STM32N655X0H3Q, STM32N655Z0H3Q, STM32N6570-DK, STM32N657A0H3Q, STM32N657B0H3Q, STM32N657I0H3Q, STM32N657L0H3Q, STM32N657X0H3Q, STM32N657Z0H3Q, STM32U031C6T6, STM32U031C6U6, STM32U031C8T6, STM32U031C8U6, STM32U031F4P6, STM32U031F6P6, STM32U031F8P6, STM32U031G6Y6TR, STM32U031G8Y6TR, STM32U031K4U6, STM32U031K6U6, STM32U031K8U6, STM32U031R6I6, STM32U031R6T6, STM32U031R8I6, STM32U031R8T6, STM32U073C8T6, STM32U073C8U6, STM32U073CBT6, STM32U073CBU6, STM32U073CCT6, STM32U073CCU6, STM32U073H8Y6TR, STM32U073HBY6TR, STM32U073HCY6TR, STM32U073K8U6, STM32U073KBU6, STM32U073KCU6, STM32U073M8I6, STM32U073M8T6, STM32U073MBI6, STM32U073MBT6, STM32U073MCI6, STM32U073MCT6, STM32U073R8I6, STM32U073R8T6, STM32U073RBI6, STM32U073RBT6, STM32U073RCI6, STM32U073RCT6, STM32U083C-DK, STM32U083CCT6, STM32U083CCU6, STM32U083HCY6TR, STM32U083KCU6, STM32U083MCI6, STM32U083MCT6, STM32U083RCI6, STM32U083RCT6, STM32U375CET6, STM32U375CET6Q, STM32U375CEU6, STM32U375CEU6Q, STM32U375CEY6QTR, STM32U375CGT6, STM32U375CGT6Q, STM32U375CGU6, STM32U375CGU6Q, STM32U375CGY6QTR, STM32U375KEU6, STM32U375KGU6, STM32U375REI6, STM32U375REI6Q, STM32U375RET6, STM32U375RET6Q, STM32U375REY6GTR, STM32U375REY6QTR, STM32U375RGI6, STM32U375RGI6Q, STM32U375RGT6, STM32U375RGT6Q, STM32U375RGY6GTR, STM32U375RGY6QTR, STM32U375VEI6, STM32U375VEI6Q, STM32U375VET6, STM32U375VET6Q, STM32U375VGI6, STM32U375VGI6Q, STM32U375VGT6, STM32U375VGT6Q, STM32U385CGT6, STM32U385CGT6Q, STM32U385CGU6, STM32U385CGU6Q, STM32U385CGY6QTR, STM32U385KGU6, STM32U385RGI6, STM32U385RGI6Q, STM32U385RGT6, STM32U385RGT6Q, STM32U385RGY6GTR, STM32U385RGY6QTR, STM32U385VGI6, STM32U385VGI6Q, STM32U385VGT6, STM32U385VGT6Q, STM32U535CBT6, STM32U535CBT6Q, STM32U535CBU6, STM32U535CBU6Q, STM32U535CCT6, STM32U535CCT6Q, STM32U535CCU6, STM32U535CCU6Q, STM32U535CET6, STM32U535CET6Q, STM32U535CEU6, STM32U535CEU6Q, STM32U535JEY6QTR, STM32U535NCY6QTR, STM32U535NEY6QTR, STM32U535RBI6, STM32U535RBI6Q, STM32U535RBT6, STM32U535RBT6Q, STM32U535RCI6, STM32U535RCI6Q, STM32U535RCT6, STM32U535RCT6Q, STM32U535REI6, STM32U535REI6Q, STM32U535RET6, STM32U535RET6Q, STM32U535VCI6, STM32U535VCI6Q, STM32U535VCT6, STM32U535VCT6Q, STM32U535VEI6, STM32U535VEI6Q, STM32U535VET6, STM32U535VET6Q, STM32U545CET6, STM32U545CET6Q, STM32U545CEU6, STM32U545CEU6Q, STM32U545JEY6QTR, STM32U545NEY6QTR, STM32U545REI6, STM32U545REI6Q, STM32U545RET6, STM32U545RET6Q, STM32U545VEI6, STM32U545VEI6Q, STM32U545VET6, STM32U545VET6Q, STM32U595AIH6, STM32U595AIH6Q, STM32U595AJH6, STM32U595AJH6Q, STM32U595QII6, STM32U595QII6Q, STM32U595QJI6, STM32U595QJI6Q, STM32U595RIT6, STM32U595RIT6Q, STM32U595RJT6, STM32U595RJT6Q, STM32U595VIT6, STM32U595VIT6Q, STM32U595VJT6, STM32U595VJT6Q, STM32U595ZIT6, STM32U595ZIT6Q, STM32U595ZIY6QTR, STM32U595ZJT6, STM32U595ZJT6Q, STM32U595ZJY6QTR, STM32U599BJY6QTR, STM32U599NIH6Q, STM32U599NJH6Q, STM32U599VIT6Q, STM32U599VJT6, STM32U599VJT6Q, STM32U599ZIT6Q, STM32U599ZIY6QTR, STM32U599ZJT6Q, STM32U599ZJY6QTR, STM32U5A5AJH6, STM32U5A5AJH6Q, STM32U5A5QII3Q , STM32U5A5QJI6, STM32U5A5QJI6Q, STM32U5A5RJT6, STM32U5A5RJT6Q, STM32U5A5VJT6, STM32U5A5VJT6Q, STM32U5A5ZJT6, STM32U5A5ZJT6Q, STM32U5A5ZJY6QTR, STM32U5A9BJY6QTR, STM32U5A9J-DK, STM32U5A9NJH6Q, STM32U5A9VJT6Q, STM32U5A9ZJT6Q, STM32U5A9ZJY6QTR, STM32U5F7VIT6, STM32U5F7VIT6Q, STM32U5F7VJT6, STM32U5F7VJT6Q, STM32U5F9BJY6QTR, STM32U5F9NJH6Q, STM32U5F9VIT6Q, STM32U5F9VJT6Q, STM32U5F9ZIJ6QTR, STM32U5F9ZIT6Q, STM32U5F9ZJJ6QTR, STM32U5F9ZJT6Q, STM32U5G7VJT6, STM32U5G7VJT6Q, STM32U5G9BJY6QTR, STM32U5G9J-DK1, STM32U5G9J-DK2, STM32U5G9NJH6Q, STM32U5G9VJT6Q, STM32U5G9ZJJ6QTR, STM32U5G9ZJT6Q, STM32WB05KZV6TR, STM32WB05KZV7TR, STM32WB05TZF6TR, STM32WB05TZF7TR, STM32WB06CCF6TR, STM32WB06CCF7TR, STM32WB06CCV6TR, STM32WB06CCV7TR, STM32WB06KCV6TR, STM32WB06KCV7TR, STM32WB07CCF6TR, STM32WB07CCF7TR, STM32WB07CCV6TR, STM32WB07CCV7TR, STM32WB07KCV6TR, STM32WB07KCV7TR, STM32WB09KEV6TR, STM32WB09KEV7TR, STM32WB09TEF6TR, STM32WB09TEF7TR, STM32WB1MMCH6, STM32WBA50KGU6, STM32WBA50KGU6TR, STM32WBA52CEU6, STM32WBA52CEU6TR, STM32WBA52CEU7, STM32WBA52CEU7TR, STM32WBA52CGU6, STM32WBA52CGU6TR, STM32WBA52CGU6U, STM32WBA52CGU7, STM32WBA52CGU7TR, STM32WBA52KEU6, STM32WBA52KEU6TR, STM32WBA52KGU6, STM32WBA52KGU6TR, STM32WBA54CEU6, STM32WBA54CEU6TR, STM32WBA54CEU7, STM32WBA54CEU7TR, STM32WBA54CGU6, STM32WBA54CGU6TR, STM32WBA54CGU7, STM32WBA54CGU7TR, STM32WBA54KEU6, STM32WBA54KEU6TR, STM32WBA54KEU7, STM32WBA54KEU7TR, STM32WBA54KGU6, STM32WBA54KGU6TR, STM32WBA54KGU7, STM32WBA54KGU7TR, STM32WBA55CEU6, STM32WBA55CEU6TR, STM32WBA55CEU7, STM32WBA55CEU7TR, STM32WBA55CGU6, STM32WBA55CGU6TR, STM32WBA55CGU6U, STM32WBA55CGU7, STM32WBA55CGU7TR, STM32WBA55G-DK1, STM32WBA55HEF6, STM32WBA55HEF7, STM32WBA55HGF6, STM32WBA55HGF7, STM32WBA55UEI6, STM32WBA55UEI6TR, STM32WBA55UEI7, STM32WBA55UEI7TR, STM32WBA55UGI6, STM32WBA55UGI6TR, STM32WBA55UGI7, STM32WBA55UGI7TR, STM32WBA5MMGH6TR, STM32WBA62MGF6, STM32WBA62MIF6, STM32WBA65MGF7, STM32WBA65MIF6, STM32WBA65MIF7, STM32WL30K8V6, STM32WL30KBV6, STM32WL31C8V6, STM32WL31CBV6, STM32WL31K8V6, STM32WL31KBV6, STM32WL33C8V6, STM32WL33C8V6X, STM32WL33CBV6, STM32WL33CBV6X, STM32WL33CCV6, STM32WL33CCV6A, STM32WL33CCV6X, STM32WL33K8V7, STM32WL33K8V7X, STM32WL33KBV7 , STM32WL33KBV7X, STM32WL33KCV7, STM32WL33KCV7X, STM32WL5MOCH6, STM32WL5MOCH6TR]
2025-11-14 20:24:54,142 [INFO] DbMcus:218 - Found 4876 MCUs, 4876 are supported
2025-11-14 20:24:54,144 [INFO] ApiDb:414 - User favorites file not found: C:\Users\KICHU/.stm32cubeide/favorites.mcus.txt
2025-11-14 20:24:54,144 [INFO] DbMcus:224 - Set 0 / 0 favorites MCUs
2025-11-14 20:24:54,780 [INFO] ApiDb:668 - CubeFinder database Data Model version=2.1
2025-11-14 20:24:54,780 [INFO] ApiDb:669 - CubeFinder database Configuration version=3.0.39
2025-11-14 20:24:54,780 [INFO] ApiDb:670 - CubeFinder database generation date=2025-11-05 (1762334721)
2025-11-14 20:24:54,780 [INFO] ApiDb:671 - CubeFinder database FW Pack versions=[FP-ATR-ASTRA1_V2.0.0, FP-SNS-FLIGHT1_V5.1.0, FP-SNS-MOTENV1_V5.1.0, FP-SNS-MOTENVWB1_V1.4.0, FP-SNS-SMARTAG2_V1.2.0, FP-SNS-STBOX1_V2.1.0, STM32Cube_FW_C0_V1.4.0, STM32Cube_FW_F4_V1.28.3, STM32Cube_FW_F7_V1.17.4, STM32Cube_FW_G0_V1.6.2, STM32Cube_FW_G4_V1.6.1, STM32Cube_FW_H5_V1.5.1, STM32Cube_FW_H7RS_V1.3.0, STM32Cube_FW_H7_V1.12.1, STM32Cube_FW_L0_V1.12.2, STM32Cube_FW_L4_V1.18.1, STM32Cube_FW_L5_V1.6.0, STM32Cube_FW_N6_V1.3.0, STM32Cube_FW_U0_V1.3.0, STM32Cube_FW_U3_V1.2.1, STM32Cube_FW_U5_V1.8.0, STM32Cube_FW_WB0_V1.4.0, STM32Cube_FW_WBA_V1.8.0, STM32Cube_FW_WB_V1.24.0, STM32Cube_FW_WL3_V1.3.0, STM32Cube_FW_WL_V1.4.0, X-CUBE-ALGOBUILD_V1.4.0, X-CUBE-ALS_V1.0.2, X-CUBE-AZRTOS-F4_V1.1.0, X-CUBE-AZRTOS-F7_V1.1.0, X-CUBE-AZRTOS-G0_V1.1.0, X-CUBE-AZRTOS-G4_V2.0.0, X-CUBE-AZRTOS-H7RS_V1.1.0, X-CUBE-AZRTOS-H7_V3.4.0, X-CUBE-AZRTOS-L4_V2.0.0, X-CUBE-AZRTOS-L5_V2.0.0, X-CUBE-AZRTOS-WB_V2.0.0, X-CUBE-AZRTOS-WL_V2.0.0, X-CUBE-BLE1_V7.1.0, X-CUBE-BLE2_V3.3.0, X-CUBE-BLEMGR_V4.1.0, X-CUBE-EEPRMA1_V5.2.0, X-CUBE-FREERTOS_V1.3.1, X-CUBE-GNSS1_V6.0.0, X-CUBE-MEMS1_V11.3.0, X-CUBE-NFC4_V3.0.0, X-CUBE-NFC7_V2.0.0, X-CUBE-SFXS2LP1_V4.0.0, X-CUBE-ST67W61_V1.1.0, X-CUBE-SUBG2_V5.0.0, X-CUBE-TOF1_V3.4.3]
2025-11-14 20:24:54,834 [INFO] DbBoardsSqlite:226 - include board P-NUCLEO-WB55-NUCLEO as a kit item of type 'Nucleo-64'
2025-11-14 20:24:54,834 [INFO] DbBoardsSqlite:226 - include board P-NUCLEO-WB55-USBDONGLE as a kit item of type 'Nucleo USB Dongle'
2025-11-14 20:24:54,834 [INFO] DbBoardsSqlite:226 - include board STEVAL-IDP005V1 as a kit item of type 'Evaluation Board'
2025-11-14 20:24:54,834 [INFO] DbBoardsSqlite:226 - include board STEVAL-IDP005V2 as a kit item of type 'Evaluation Board'
2025-11-14 20:24:54,896 [INFO] ApiDb:240 - Found 880 in-development CPN: [B-G473E-ZEST1S, B-WB1M-WPAN1, B-WBA5M-WPAN, B-WL5M-SUBG1, NUCLEO-C031C6, NUCLEO-C051C8, NUCLEO-C071RB, NUCLEO-C092RC, NUCLEO-H503RB, NUCLEO-H533RE, NUCLEO-H563ZI, NUCLEO-H7S3L8, NUCLEO-N657X0-Q, NUCLEO-U031R8, NUCLEO-U083RC, NUCLEO-U385RG-Q, NUCLEO-U545RE-Q, NUCLEO-U5A5ZJ-Q, NUCLEO-WB05KZ, NUCLEO-WB07CC, NUCLEO-WB09KE, NUCLEO-WBA52CG, NUCLEO-WBA55CG, NUCLEO-WL33CC1, NUCLEO-WL33CC2, STEVAL-PROTEUS1, STEVAL-SMARTAG2, STEVAL-STWINBX1, STM320518-EVAL, STM32C0116-DK, STM32C011D6Y3TR, STM32C011D6Y6TR, STM32C011F4P3, STM32C011F4P6, STM32C011F4U3, STM32C011F4U6TR, STM32C011F6P3, STM32C011F6P6, STM32C011F6U3, STM32C011F6U6TR, STM32C011J4M3, STM32C011J4M6, STM32C011J6M3, STM32C011J6M6, STM32C0316-DK, STM32C031C4T3, STM32C031C4T6, STM32C031C4U3, STM32C031C4U6, STM32C031C6T3, STM32C031C6T6, STM32C031C6U3, STM32C031C6U6, STM32C031F4P3, STM32C031F4P6, STM32C031F6P3, STM32C031F6P6, STM32C031G4U3, STM32C031G4U6, STM32C031G6U3, STM32C031G6U6, STM32C031K4T3, STM32C031K4T6, STM32C031K4U3, STM32C031K4U6, STM32C031K6T3, STM32C031K6T6, STM32C031K6U3, STM32C031K6U6, STM32C051C6T6, STM32C051C6U6, STM32C051C8T6, STM32C051C8U6, STM32C051D8Y6TR, STM32C051F6P6, STM32C051F8P6, STM32C051G6U6, STM32C051G8U6, STM32C051K6T6, STM32C051K6U6, STM32C051K8T6, STM32C071C8T6, STM32C071C8T6N, STM32C071C8U6, STM32C071C8U6N, STM32C071CBT6, STM32C071CBT6N, STM32C071CBU6, STM32C071CBU6N, STM32C071F8P6, STM32C071F8P6N, STM32C071FBP6, STM32C071FBP6N, STM32C071FBY6TR, STM32C071G8U6, STM32C071G8U6N, STM32C071GBU6, STM32C071GBU6N, STM32C071K8T6, STM32C071K8T6N, STM32C071K8U6, STM32C071K8U6N, STM32C071KBT6, STM32C071KBT6N, STM32C071KBU6, STM32C071KBU6N, STM32C071R8T6, STM32C071R8T6N, STM32C071RBI6N, STM32C071RBT6, STM32C071RBT6N, STM32C091CBT6, STM32C091CBU6, STM32C091CCT6, STM32C091CCU6, STM32C091ECY6TR, STM32C091FBP6, STM32C091FCP6, STM32C091GBU6, STM32C091GCU6, STM32C091KBT6, STM32C091KBU6, STM32C091KCT6, STM32C091KCU6, STM32C091RBT6, STM32C091RCI6, STM32C091RCT6, STM32C092CBT6, STM32C092CBU6, STM32C092CCT6, STM32C092CCU6, STM32C092ECY6TR, STM32C092FBP6, STM32C092FCP6, STM32C092GBU6, STM32C092GCU6, STM32C092KBT6, STM32C092KBU6, STM32C092KCT6, STM32C092KCU6, STM32C092RBT6, STM32C092RCI6, STM32C092RCT6, STM32G071K8TXN, STM32G071K8UXN, STM32G081GBU6N, STM32G081KBT6N, STM32G081KBUXN, STM32G0B1CCT6N, STM32G0B1KCT6, STM32G0B1NEY6TR, STM32G0B1RCT6N, STM32G0C1CCT6, STM32G0C1CCT6N, STM32G0C1CCU6N, STM32G0C1CET6N, STM32G0C1CEU6N, STM32G0C1KCT6, STM32G0C1NEY6TR, STM32G0C1RCI6N, STM32G0C1RCT6N, STM32G0C1REI6N, STM32G0C1RET6N, STM32G0C1VCI6, STM32G0C1VEI6, STM32G411C6T3, STM32G411C6T6, STM32G411C6U3, STM32G411C6U6, STM32G411C8T3, STM32G411C8T6, STM32G411C8U3, STM32G411C8U6, STM32G411CBT3, STM32G411CBT6, STM32G411CBU3, STM32G411CBU6, STM32G411K6T3, STM32G411K6T6, STM32G411K6U3, STM32G411K6U6, STM32G411K8T3, STM32G411K8T6, STM32G411K8U3, STM32G411K8U6, STM32G411KBT3, STM32G411KBT6, STM32G411KBU3, STM32G411KBU6, STM32G411M6T3, STM32G411M6T6, STM32G411M8T3, STM32G411M8T6, STM32G411MBT3, STM32G411MBT6, STM32G411R6T3, STM32G411R6T6, STM32G411R8T3, STM32G411R8T6, STM32G411RBT3, STM32G411RBT6, STM32G414CBT3, STM32G414CBT6, STM32G414CBU3, STM32G414CBU6, STM32G414CCT3, STM32G414CCT6, STM32G414CCU3, STM32G414CCU6, STM32G414MBT3, STM32G414MBT6, STM32G414MCT3, STM32G414MCT6, STM32G414RBT3, STM32G414RBT6, STM32G414RCT3, STM32G414RCT6, STM32G414VBT3, STM32G414VBT6, STM32G414VCT3, STM32G414VCT6, STM32G431CBT3Z, STM32G431RBT3Z, STM32G471CCT6, STM32G471CCU6, STM32G471CET3, STM32G471CET6, STM32G471CEU3, STM32G471CEU6, STM32G471MCT6, STM32G471MET3, STM32G471MET6, STM32G471MEY6TR, STM32G471QCT6, STM32G471QET3, STM32G471RCT6, STM32G471RET3, STM32G471RET6, STM32G471VCH6, STM32G471VCI6, STM32G471VCT6, STM32G471VEH3, STM32G471VEH6, STM32G471VEI3, STM32G471VEI6, STM32G471VET3, STM32G471VET6, STM32G473QET3Z, STM32G473RET3Z, STM32G474CCT6, STM32G491RET3Z, STM32H503CBT6, STM32H503CBU6, STM32H503EBY6TR, STM32H503KBU6, STM32H503RBT6, STM32H523CCT6, STM32H523CCU6, STM32H523CET6, STM32H523CEU6, STM32H523HEY6TR, STM32H523RCT6, STM32H523RET6, STM32H523VCI6, STM32H523VCT6, STM32H523VEI6, STM32H523VET6, STM32H523ZCJ6, STM32H523ZCT6, STM32H523ZEJ6, STM32H523ZET6, STM32H533CET6, STM32H533CEU6, STM32H533HEY6TR, STM32H533RET6, STM32H533VEI6, STM32H533VET6, STM32H533ZEJ6, STM32H533ZET6, STM32H562AGI6, STM32H562AII6, STM32H562IGK6, STM32H562IGT6, STM32H562IIK6, STM32H562IIT6, STM32H562RGT6, STM32H562RGV6, STM32H562RIT6, STM32H562RIV6, STM32H562VGT6, STM32H562VIT6, STM32H562ZGT6, STM32H562ZIT6, STM32H563AGI6, STM32H563AII3Q, STM32H563AII6, STM32H563IGK6, STM32H563IGT6, STM32H563IIK3Q, STM32H563IIK6, STM32H563IIT3Q, STM32H563IIT6, STM32H563MIY3QTR, STM32H563RGT6, STM32H563RGV6, STM32H563RIT6, STM32H563RIV6, STM32H563VGT6, STM32H563VIT3Q, STM32H563VIT6, STM32H563ZGT6, STM32H563ZIT3Q, STM32H563ZIT6, STM32H573AII3Q, STM32H573AII6, STM32H573I-DK, STM32H573IIK3Q, STM32H573IIK6, STM32H573IIT3Q, STM32H573IIT6, STM32H573MIY3QTR, STM32H573RIT6, STM32H573RIV6, STM32H573VIT3Q, STM32H573VIT6, STM32H573ZIT3Q, STM32H573ZIT6, STM32H7R3A8I6, STM32H7R3I8K6, STM32H7R3I8T6, STM32H7R3L8H6, STM32H7R3L8H6H, STM32H7R3R8V6, STM32H7R3V8H6, STM32H7R3V8T6, STM32H7R3V8Y6TR, STM32H7R3Z8J6, STM32H7R3Z8T6, STM32H7R7A8I6, STM32H7R7I8K6, STM32H7R7I8T6, STM32H7R7L8H6, STM32H7R7L8H6H, STM32H7R7Z8J6, STM32H7S3A8I6, STM32H7S3I8K6, STM32H7S3I8T6, STM32H7S3L8H6, STM32H7S3L8H6H, STM32H7S3R8V6, STM32H7S3V8H6, STM32H7S3V8T6, STM32H7S3V8Y6TR, STM32H7S3Z8J6, STM32H7S3Z8T6, STM32H7S78-DK, STM32H7S7A8I6, STM32H7S7I8K6, STM32H7S7I8T6, STM32H7S7L8H6, STM32H7S7L8H6H, STM32H7S7Z8J6, STM32L4R5QGI6STR, STM32MP131AAE3, STM32MP131AAF3, STM32MP131AAG3, STM32MP131CAE3, STM32MP131CAF3, STM32MP131CAG3, STM32MP131DAE7, STM32MP131DAF7, STM32MP131DAG7, STM32MP131FAE7, STM32MP131FAF7, STM32MP131FAG7, STM32MP133AAE3, STM32MP133AAF3, STM32MP133AAG3, STM32MP133CAE3, STM32MP133CAF3, STM32MP133CAG3, STM32MP133DAE7, STM32MP133DAF7, STM32MP133DAG7, STM32MP133FAE7, STM32MP133FAF7, STM32MP133FAG7, STM32MP135AAE3, STM32MP135AAF3, STM32MP135AAG3, STM32MP135CAE3, STM32MP135CAF3, STM32MP135CAG3, STM32MP135DAE7, STM32MP135DAF7, STM32MP135DAG7, STM32MP135F-DK, STM32MP135FAE7, STM32MP135FAF7, STM32MP135FAF7T, STM32MP135FAF7U, STM32MP135FAG7, STM32MP211AAL3, STM32MP211AAM3, STM32MP211AAN3, STM32MP211AAO3, STM32MP211CAL3, STM32MP211CAM3, STM32MP211CAN3, STM32MP211CAO3, STM32MP211DAL3, STM32MP211DAM3, STM32MP211DAN3, STM32MP211DAO3, STM32MP211FAL3, STM32MP211FAM3, STM32MP211FAN3, STM32MP211FAO3, STM32MP213AAL3, STM32MP213AAM3, STM32MP213AAN3, STM32MP213AAO3, STM32MP213CAL3, STM32MP213CAM3, STM32MP213CAN3, STM32MP213CAO3, STM32MP213DAL3, STM32MP213DAM3, STM32MP213DAN3, STM32MP213DAO3, STM32MP213FAL3, STM32MP213FAM3, STM32MP213FAN3, STM32MP213FAO3, STM32MP215AAL3, STM32MP215AAM3, STM32MP215AAN3, STM32MP215AAO3, STM32MP215CAL3, STM32MP215CAM3, STM32MP215CAN3, STM32MP215CAO3, STM32MP215DAL3, STM32MP215DAM3, STM32MP215DAN3, STM32MP215DAO3, STM32MP215F-DK, STM32MP215FAL3, STM32MP215FAM3, STM32MP215FAN3, STM32MP215FAO3, STM32MP231AAJ3, STM32MP231AAK3, STM32MP231AAL3, STM32MP231CAJ3, STM32MP231CAK3, STM32MP231CAL3, STM32MP231DAJ3, STM32MP231DAK3, STM32MP231DAL3, STM32MP231FAJ3, STM32MP231FAK3, STM32MP231FAL3, STM32MP233AAJ3, STM32MP233AAK3, STM32MP233AAL3, STM32MP233CAJ3, STM32MP233CAK3, STM32MP233CAL3, STM32MP233DAJ3, STM32MP233DAK3, STM32MP233DAL3, STM32MP233FAJ3, STM32MP233FAK3, STM32MP233FAL3, STM32MP235AAJ3, STM32MP235AAK3, STM32MP235AAL3, STM32MP235CAJ3, STM32MP235CAK3, STM32MP235CAL3, STM32MP235DAJ3, STM32MP235DAK3, STM32MP235DAL3, STM32MP235FAJ3, STM32MP235FAK3, STM32MP235FAL3, STM32MP251AAI3, STM32MP251AAK3, STM32MP251AAL3, STM32MP251CAI3, STM32MP251CAK3, STM32MP251CAL3, STM32MP251DAI3, STM32MP251DAK3, STM32MP251DAL3, STM32MP251FAI3, STM32MP251FAK3, STM32MP251FAL3, STM32MP253AAI3, STM32MP253AAK3, STM32MP253AAL3, STM32MP253CAI3, STM32MP253CAK3, STM32MP253CAL3, STM32MP253DAI3, STM32MP253DAK3, STM32MP253DAL3, STM32MP253FAI3, STM32MP253FAK3, STM32MP253FAL3, STM32MP255AAI3, STM32MP255AAK3, STM32MP255AAL3, STM32MP255CAI3, STM32MP255CAK3, STM32MP255CAL3, STM32MP255DAI3, STM32MP255DAK3, STM32MP255DAL3, STM32MP255FAI3, STM32MP255FAK3, STM32MP255FAL3, STM32MP257AAI3, STM32MP257AAK3, STM32MP257AAL3, STM32MP257CAI3, STM32MP257CAK3, STM32MP257CAL3, STM32MP257DAI3, STM32MP257DAK3, STM32MP257DAL3, STM32MP257F-DK, STM32MP257F-EV1, STM32MP257FAI3, STM32MP257FAK3, STM32MP257FAL3, STM32N645A0H3Q, STM32N645B0H3Q, STM32N645I0H3Q, STM32N645L0H3Q, STM32N645X0H3Q, STM32N645Z0H3Q, STM32N647A0H3Q, STM32N647B0H3Q, STM32N647I0H3Q, STM32N647L0H3Q, STM32N647X0H3Q, STM32N647Z0H3Q, STM32N655A0H3Q, STM32N655B0H3Q, STM32N655I0H3Q, STM32N655L0H3Q, STM32N655X0H3Q, STM32N655Z0H3Q, STM32N6570-DK, STM32N657A0H3Q, STM32N657B0H3Q, STM32N657I0H3Q, STM32N657L0H3Q, STM32N657X0H3Q, STM32N657Z0H3Q, STM32U031C6T6, STM32U031C6U6, STM32U031C8T6, STM32U031C8U6, STM32U031F4P6, STM32U031F6P6, STM32U031F8P6, STM32U031G6Y6TR, STM32U031G8Y6TR, STM32U031K4U6, STM32U031K6U6, STM32U031K8U6, STM32U031R6I6, STM32U031R6T6, STM32U031R8I6, STM32U031R8T6, STM32U073C8T6, STM32U073C8U6, STM32U073CBT6, STM32U073CBU6, STM32U073CCT6, STM32U073CCU6, STM32U073H8Y6TR, STM32U073HBY6TR, STM32U073HCY6TR, STM32U073K8U6, STM32U073KBU6, STM32U073KCU6, STM32U073M8I6, STM32U073M8T6, STM32U073MBI6, STM32U073MBT6, STM32U073MCI6, STM32U073MCT6, STM32U073R8I6, STM32U073R8T6, STM32U073RBI6, STM32U073RBT6, STM32U073RCI6, STM32U073RCT6, STM32U083C-DK, STM32U083CCT6, STM32U083CCU6, STM32U083HCY6TR, STM32U083KCU6, STM32U083MCI6, STM32U083MCT6, STM32U083RCI6, STM32U083RCT6, STM32U375CET6, STM32U375CET6Q, STM32U375CEU6, STM32U375CEU6Q, STM32U375CEY6QTR, STM32U375CGT6, STM32U375CGT6Q, STM32U375CGU6, STM32U375CGU6Q, STM32U375CGY6QTR, STM32U375KEU6, STM32U375KGU6, STM32U375REI6, STM32U375REI6Q, STM32U375RET6, STM32U375RET6Q, STM32U375REY6GTR, STM32U375REY6QTR, STM32U375RGI6, STM32U375RGI6Q, STM32U375RGT6, STM32U375RGT6Q, STM32U375RGY6GTR, STM32U375RGY6QTR, STM32U375VEI6, STM32U375VEI6Q, STM32U375VET6, STM32U375VET6Q, STM32U375VGI6, STM32U375VGI6Q, STM32U375VGT6, STM32U375VGT6Q, STM32U385CGT6, STM32U385CGT6Q, STM32U385CGU6, STM32U385CGU6Q, STM32U385CGY6QTR, STM32U385KGU6, STM32U385RGI6, STM32U385RGI6Q, STM32U385RGT6, STM32U385RGT6Q, STM32U385RGY6GTR, STM32U385RGY6QTR, STM32U385VGI6, STM32U385VGI6Q, STM32U385VGT6, STM32U385VGT6Q, STM32U535CBT6, STM32U535CBT6Q, STM32U535CBU6, STM32U535CBU6Q, STM32U535CCT6, STM32U535CCT6Q, STM32U535CCU6, STM32U535CCU6Q, STM32U535CET6, STM32U535CET6Q, STM32U535CEU6, STM32U535CEU6Q, STM32U535JEY6QTR, STM32U535NCY6QTR, STM32U535NEY6QTR, STM32U535RBI6, STM32U535RBI6Q, STM32U535RBT6, STM32U535RBT6Q, STM32U535RCI6, STM32U535RCI6Q, STM32U535RCT6, STM32U535RCT6Q, STM32U535REI6, STM32U535REI6Q, STM32U535RET6, STM32U535RET6Q, STM32U535VCI6, STM32U535VCI6Q, STM32U535VCT6, STM32U535VCT6Q, STM32U535VEI6, STM32U535VEI6Q, STM32U535VET6, STM32U535VET6Q, STM32U545CET6, STM32U545CET6Q, STM32U545CEU6, STM32U545CEU6Q, STM32U545JEY6QTR, STM32U545NEY6QTR, STM32U545REI6, STM32U545REI6Q, STM32U545RET6, STM32U545RET6Q, STM32U545VEI6, STM32U545VEI6Q, STM32U545VET6, STM32U545VET6Q, STM32U595AIH6, STM32U595AIH6Q, STM32U595AJH6, STM32U595AJH6Q, STM32U595QII6, STM32U595QII6Q, STM32U595QJI6, STM32U595QJI6Q, STM32U595RIT6, STM32U595RIT6Q, STM32U595RJT6, STM32U595RJT6Q, STM32U595VIT6, STM32U595VIT6Q, STM32U595VJT6, STM32U595VJT6Q, STM32U595ZIT6, STM32U595ZIT6Q, STM32U595ZIY6QTR, STM32U595ZJT6, STM32U595ZJT6Q, STM32U595ZJY6QTR, STM32U599BJY6QTR, STM32U599NIH6Q, STM32U599NJH6Q, STM32U599VIT6Q, STM32U599VJT6, STM32U599VJT6Q, STM32U599ZIT6Q, STM32U599ZIY6QTR, STM32U599ZJT6Q, STM32U599ZJY6QTR, STM32U5A5AJH6, STM32U5A5AJH6Q, STM32U5A5QII3Q , STM32U5A5QJI6, STM32U5A5QJI6Q, STM32U5A5RJT6, STM32U5A5RJT6Q, STM32U5A5VJT6, STM32U5A5VJT6Q, STM32U5A5ZJT6, STM32U5A5ZJT6Q, STM32U5A5ZJY6QTR, STM32U5A9BJY6QTR, STM32U5A9J-DK, STM32U5A9NJH6Q, STM32U5A9VJT6Q, STM32U5A9ZJT6Q, STM32U5A9ZJY6QTR, STM32U5F7VIT6, STM32U5F7VIT6Q, STM32U5F7VJT6, STM32U5F7VJT6Q, STM32U5F9BJY6QTR, STM32U5F9NJH6Q, STM32U5F9VIT6Q, STM32U5F9VJT6Q, STM32U5F9ZIJ6QTR, STM32U5F9ZIT6Q, STM32U5F9ZJJ6QTR, STM32U5F9ZJT6Q, STM32U5G7VJT6, STM32U5G7VJT6Q, STM32U5G9BJY6QTR, STM32U5G9J-DK1, STM32U5G9J-DK2, STM32U5G9NJH6Q, STM32U5G9VJT6Q, STM32U5G9ZJJ6QTR, STM32U5G9ZJT6Q, STM32WB05KZV6TR, STM32WB05KZV7TR, STM32WB05TZF6TR, STM32WB05TZF7TR, STM32WB06CCF6TR, STM32WB06CCF7TR, STM32WB06CCV6TR, STM32WB06CCV7TR, STM32WB06KCV6TR, STM32WB06KCV7TR, STM32WB07CCF6TR, STM32WB07CCF7TR, STM32WB07CCV6TR, STM32WB07CCV7TR, STM32WB07KCV6TR, STM32WB07KCV7TR, STM32WB09KEV6TR, STM32WB09KEV7TR, STM32WB09TEF6TR, STM32WB09TEF7TR, STM32WB1MMCH6, STM32WBA50KGU6, STM32WBA50KGU6TR, STM32WBA52CEU6, STM32WBA52CEU6TR, STM32WBA52CEU7, STM32WBA52CEU7TR, STM32WBA52CGU6, STM32WBA52CGU6TR, STM32WBA52CGU6U, STM32WBA52CGU7, STM32WBA52CGU7TR, STM32WBA52KEU6, STM32WBA52KEU6TR, STM32WBA52KGU6, STM32WBA52KGU6TR, STM32WBA54CEU6, STM32WBA54CEU6TR, STM32WBA54CEU7, STM32WBA54CEU7TR, STM32WBA54CGU6, STM32WBA54CGU6TR, STM32WBA54CGU7, STM32WBA54CGU7TR, STM32WBA54KEU6, STM32WBA54KEU6TR, STM32WBA54KEU7, STM32WBA54KEU7TR, STM32WBA54KGU6, STM32WBA54KGU6TR, STM32WBA54KGU7, STM32WBA54KGU7TR, STM32WBA55CEU6, STM32WBA55CEU6TR, STM32WBA55CEU7, STM32WBA55CEU7TR, STM32WBA55CGU6, STM32WBA55CGU6TR, STM32WBA55CGU6U, STM32WBA55CGU7, STM32WBA55CGU7TR, STM32WBA55G-DK1, STM32WBA55HEF6, STM32WBA55HEF7, STM32WBA55HGF6, STM32WBA55HGF7, STM32WBA55UEI6, STM32WBA55UEI6TR, STM32WBA55UEI7, STM32WBA55UEI7TR, STM32WBA55UGI6, STM32WBA55UGI6TR, STM32WBA55UGI7, STM32WBA55UGI7TR, STM32WBA5MMGH6TR, STM32WBA62MGF6, STM32WBA62MIF6, STM32WBA65MGF7, STM32WBA65MIF6, STM32WBA65MIF7, STM32WL30K8V6, STM32WL30KBV6, STM32WL31C8V6, STM32WL31CBV6, STM32WL31K8V6, STM32WL31KBV6, STM32WL33C8V6, STM32WL33C8V6X, STM32WL33CBV6, STM32WL33CBV6X, STM32WL33CCV6, STM32WL33CCV6A, STM32WL33CCV6X, STM32WL33K8V7, STM32WL33K8V7X, STM32WL33KBV7 , STM32WL33KBV7X, STM32WL33KCV7, STM32WL33KCV7X, STM32WL5MOCH6, STM32WL5MOCH6TR]
2025-11-14 20:24:55,186 [INFO] BoardInfo:889 - No configuration file found for board P-NUCLEO-WB55
2025-11-14 20:24:55,188 [INFO] DbBoards:161 - Kit is not supported: P-NUCLEO-WB55
2025-11-14 20:24:55,196 [INFO] BoardInfo:889 - No configuration file found for board STEVAL-BFA001V1B
2025-11-14 20:24:55,198 [INFO] DbBoards:161 - Kit is not supported: STEVAL-BFA001V1B
2025-11-14 20:24:55,199 [INFO] BoardInfo:889 - No configuration file found for board STEVAL-BFA001V2B
2025-11-14 20:24:55,201 [INFO] DbBoards:161 - Kit is not supported: STEVAL-BFA001V2B
2025-11-14 20:24:55,522 [INFO] DbBoards:168 - Found 212 boards, 209 are supported
2025-11-14 20:24:55,522 [INFO] DbBoards:169 - Found 212 boards, 43 of them is supported for  Bsp
2025-11-14 20:24:55,525 [INFO] ApiDb:414 - User favorites file not found: C:\Users\KICHU/.stm32cubeide/favorites.boards.txt
2025-11-14 20:24:55,525 [INFO] DbBoards:198 - Set 0 / 0 favorites Boards
2025-11-14 20:24:55,528 [INFO] ApiDb:668 - CubeFinder database Data Model version=2.1
2025-11-14 20:24:55,528 [INFO] ApiDb:669 - CubeFinder database Configuration version=3.0.39
2025-11-14 20:24:55,528 [INFO] ApiDb:670 - CubeFinder database generation date=2025-11-05 (1762334721)
2025-11-14 20:24:55,528 [INFO] ApiDb:671 - CubeFinder database FW Pack versions=[FP-ATR-ASTRA1_V2.0.0, FP-SNS-FLIGHT1_V5.1.0, FP-SNS-MOTENV1_V5.1.0, FP-SNS-MOTENVWB1_V1.4.0, FP-SNS-SMARTAG2_V1.2.0, FP-SNS-STBOX1_V2.1.0, STM32Cube_FW_C0_V1.4.0, STM32Cube_FW_F4_V1.28.3, STM32Cube_FW_F7_V1.17.4, STM32Cube_FW_G0_V1.6.2, STM32Cube_FW_G4_V1.6.1, STM32Cube_FW_H5_V1.5.1, STM32Cube_FW_H7RS_V1.3.0, STM32Cube_FW_H7_V1.12.1, STM32Cube_FW_L0_V1.12.2, STM32Cube_FW_L4_V1.18.1, STM32Cube_FW_L5_V1.6.0, STM32Cube_FW_N6_V1.3.0, STM32Cube_FW_U0_V1.3.0, STM32Cube_FW_U3_V1.2.1, STM32Cube_FW_U5_V1.8.0, STM32Cube_FW_WB0_V1.4.0, STM32Cube_FW_WBA_V1.8.0, STM32Cube_FW_WB_V1.24.0, STM32Cube_FW_WL3_V1.3.0, STM32Cube_FW_WL_V1.4.0, X-CUBE-ALGOBUILD_V1.4.0, X-CUBE-ALS_V1.0.2, X-CUBE-AZRTOS-F4_V1.1.0, X-CUBE-AZRTOS-F7_V1.1.0, X-CUBE-AZRTOS-G0_V1.1.0, X-CUBE-AZRTOS-G4_V2.0.0, X-CUBE-AZRTOS-H7RS_V1.1.0, X-CUBE-AZRTOS-H7_V3.4.0, X-CUBE-AZRTOS-L4_V2.0.0, X-CUBE-AZRTOS-L5_V2.0.0, X-CUBE-AZRTOS-WB_V2.0.0, X-CUBE-AZRTOS-WL_V2.0.0, X-CUBE-BLE1_V7.1.0, X-CUBE-BLE2_V3.3.0, X-CUBE-BLEMGR_V4.1.0, X-CUBE-EEPRMA1_V5.2.0, X-CUBE-FREERTOS_V1.3.1, X-CUBE-GNSS1_V6.0.0, X-CUBE-MEMS1_V11.3.0, X-CUBE-NFC4_V3.0.0, X-CUBE-NFC7_V2.0.0, X-CUBE-SFXS2LP1_V4.0.0, X-CUBE-ST67W61_V1.1.0, X-CUBE-SUBG2_V5.0.0, X-CUBE-TOF1_V3.4.3]
2025-11-14 20:24:56,312 [ERROR] DbExamplesSqlite:437 - Missing JSON key: board_cpn
2025-11-14 20:24:56,312 [ERROR] DbExamplesSqlite:437 - Missing JSON key: board_cpn
2025-11-14 20:24:56,313 [ERROR] DbExamplesSqlite:437 - Missing JSON key: board_cpn
2025-11-14 20:24:56,313 [ERROR] DbExamplesSqlite:437 - Missing JSON key: board_cpn
2025-11-14 20:24:56,753 [ERROR] DbExamplesSqlite:437 - Missing JSON key: board_cpn
2025-11-14 20:24:56,754 [ERROR] DbExamplesSqlite:437 - Missing JSON key: board_cpn
2025-11-14 20:24:56,765 [INFO] DbExamplesSqlite:395 - Ignored 42 examples not supported by CubeIDE
2025-11-14 20:24:56,766 [INFO] DbExamplesSqlite:396 - Found 10883 examples active
2025-11-14 20:24:56,766 [INFO] DbExamplesSqlite:397 - Found 0 examples obsolete
2025-11-14 20:24:56,767 [INFO] DbExamplesSqlite:398 - Found 0 examples under development
2025-11-14 20:24:56,767 [INFO] DbExamplesSqlite:399 - Found 85 examples not building
2025-11-14 20:24:56,769 [INFO] DbExamples:125 - Found 10926 examples
2025-11-14 20:24:56,836 [ERROR] DbExamples:208 - Found 73 examples with invalid data (board or MCU)
2025-11-14 20:24:56,837 [INFO] DbExamples:222 - Found 134 boards with related examples
2025-11-14 20:24:56,840 [INFO] DbExamples:235 - Found 111 MCUs with related examples
2025-11-14 20:24:56,866 [INFO] ApiDb:414 - User favorites file not found: C:\Users\KICHU/.stm32cubeide/favorites.examples.txt
2025-11-14 20:24:56,866 [INFO] DbExamples:250 - Set 0 / 0 favorites Examples
2025-11-14 20:24:57,111 [INFO] McuFinderGlobals:76 - Set McuFinderConnectedMode to true
2025-11-14 20:24:57,129 [INFO] MultiScanPanel:200 - Auto-refresh data requested => check proxy status ongoing
2025-11-14 20:24:57,134 [INFO] FinderPluginLoader:96 - Searching for filters in installed packs
2025-11-14 20:24:58,965 [INFO] LoadUrlFilesThread:185 - End of LoadServerUrlFiles without Thread
2025-11-14 20:24:59,030 [INFO] DetailPanel:341 - Set advertising image to C:/Users/KICHU/STM32Cube/Repository/\en.mcu-finder-preevent.jpg
2025-11-14 20:26:55,869 [INFO] MultiScanPanel:200 - Auto-refresh data requested => check proxy status ongoing
2025-11-14 20:26:56,002 [INFO] LoadUrlFilesThread:185 - End of LoadServerUrlFiles without Thread
2025-11-14 20:26:56,003 [INFO] DetailPanel:341 - Set advertising image to C:/Users/KICHU/STM32Cube/Repository/\en.mcu-finder-preevent.jpg
2025-11-14 20:26:56,014 [INFO] DbBoards:642 - Loading board mini-images...
2025-11-14 20:26:58,002 [ERROR] DbBoards:659 - Image file not found for board STM32MP215F-DK: C:\Users\KICHU\.stmcufinder\plugins\mcufinder//mcu//boards_images/STM32MP215F-DK.jpg
2025-11-14 20:26:58,398 [INFO] DbBoards:665 - Loaded 211 board mini-images
2025-11-14 20:32:15,140 [INFO] McuAction:78 - Docs & Resources
2025-11-14 20:32:29,070 [INFO] McuAction:78 - Docs & Resources
2025-11-14 20:32:47,763 [INFO] ServerAccessManage:452 - Complete download http(s) 200
2025-11-14 20:32:47,764 [INFO] ServerAccessManage:509 - Download File UM3461.pdf
2025-11-14 20:32:49,763 [INFO] LoadUrlFilesThread:156 - End of LoadUrlFiles Thread
2025-11-14 20:35:26,818 [INFO] ServerAccessManage:452 - Complete download http(s) 200
2025-11-14 20:35:26,818 [INFO] ServerAccessManage:509 - Download File RM0390.pdf
2025-11-14 20:35:32,562 [INFO] LoadUrlFilesThread:156 - End of LoadUrlFiles Thread
2025-11-14 20:37:09,235 [INFO] ServerAccessManage:452 - Complete download http(s) 200
2025-11-14 20:37:09,236 [INFO] ServerAccessManage:509 - Download File 13376.pdf
2025-11-14 20:37:09,718 [INFO] LoadUrlFilesThread:156 - End of LoadUrlFiles Thread
2025-11-14 20:39:32,450 [INFO] McuFinderGlobals:76 - Set McuFinderConnectedMode to true
2025-11-14 20:39:32,454 [INFO] ApiDb:448 - Save user favorites file C:\Users\KICHU/.stm32cubeide/favorites.mcus.txt: 0 item(s)
2025-11-14 20:39:32,455 [INFO] ApiDb:452 - User favorites MCUs=[]
2025-11-14 20:39:32,458 [INFO] ApiDb:448 - Save user favorites file C:\Users\KICHU/.stm32cubeide/favorites.boards.txt: 0 item(s)
2025-11-14 20:39:32,458 [INFO] ApiDb:452 - User favorites Boards=[]
2025-11-14 21:06:29,681 [ERROR] LogOutputStream:75 - [STDERR_REDIRECT] Exception in thread "SWV client thread" java.lang.NullPointerException: Cannot invoke "com.st.stm32cube.ide.mcu.debug.swv.core.SWVPlugin.isDebugging()" because "com.st.stm32cube.ide.mcu.debug.swv.core.SWVPlugin.plugin" is null
2025-11-14 21:06:29,683 [ERROR] LogOutputStream:75 - [STDERR_REDIRECT] 	at com.st.stm32cube.ide.mcu.debug.swv.core.SWVPlugin.debugTrace(SWVPlugin.java:85)
2025-11-14 21:06:29,685 [ERROR] LogOutputStream:75 - [STDERR_REDIRECT] 	at com.st.stm32cube.ide.mcu.debug.swv.core.SWVClient.TRACE(SWVClient.java:768)
2025-11-14 21:06:29,687 [ERROR] LogOutputStream:75 - [STDERR_REDIRECT] 	at com.st.stm32cube.ide.mcu.debug.swv.core.SWVClient.readByte(SWVClient.java:296)
2025-11-14 21:06:29,689 [ERROR] LogOutputStream:75 - [STDERR_REDIRECT] 	at com.st.stm32cube.ide.mcu.debug.swv.core.SWVClient.getNextByte(SWVClient.java:277)
2025-11-14 21:06:29,691 [ERROR] LogOutputStream:75 - [STDERR_REDIRECT] 	at com.st.stm32cube.ide.mcu.debug.swv.core.SWVClient.run(SWVClient.java:313)
2025-11-14 21:06:30,431 [ERROR] LogOutputStream:75 - [STDERR_REDIRECT] 
2025-11-14 21:06:30,435 [ERROR] LogOutputStream:75 - [STDERR_REDIRECT] 
2025-11-14 21:06:39,304 [INFO] Activator:176 - 


2025-11-14 21:06:39,305 [INFO] Activator:177 - !SESSION log4j initialized
2025-11-14 21:06:44,198 [INFO] LogOutputStream:77 - [STDOUT_REDIRECT] 
2025-11-14 21:06:45,167 [INFO] ApplicationProperties:184 - Using Application install path: C:\ST\STM32CubeIDE_1.19.0\STM32CubeIDE\plugins\com.st.stm32cube.common.mx_6.15.0.202507011659
2025-11-14 21:06:45,181 [INFO] DbMcusXml:78 - Set database path to: C:\ST\STM32CubeIDE_1.19.0\STM32CubeIDE\plugins\com.st.stm32cube.common.mx_6.15.0.202507011659\\db\/mcu/
2025-11-14 21:06:45,182 [INFO] ApiDb:274 - Set plugin database path to: C:\ST\STM32CubeIDE_1.19.0\STM32CubeIDE\plugins\com.st.stm32cube.common.mx_6.15.0.202507011659\\db\/plugins/boardmanager/
2025-11-14 21:06:45,182 [WARN] ApiDb:259 - Overriding images path with different value:  => C:\ST\STM32CubeIDE_1.19.0\STM32CubeIDE\plugins\com.st.stm32cube.common.mx_6.15.0.202507011659\\db\/plugins/mcufinder/images/
2025-11-14 21:06:45,188 [INFO] ApiDb:250 - Set database path to: C:\Users\KICHU\.stmcufinder\plugins\mcufinder//mcu/
2025-11-14 21:06:45,190 [INFO] DbMcusAds:125 - Set database path to: C:\Users\KICHU\.stmcufinder\plugins\mcufinder//mcu/
2025-11-14 21:06:45,191 [INFO] CrossReferenceDbSqlite:203 - Set database path to: C:\Users\KICHU\.stmcufinder\plugins\mcufinder//mcu/cs/
2025-11-14 21:06:45,325 [INFO] RulesReader:64 - Compatibility file has been processed (317 Rules)
2025-11-14 21:06:45,396 [INFO] DbMcusXml:78 - Set database path to: C:\ST\STM32CubeIDE_1.19.0\STM32CubeIDE\plugins\com.st.stm32cube.common.mx_6.15.0.202507011659\\db\/mcu/
2025-11-14 21:06:45,396 [INFO] ApiDb:274 - Set plugin database path to: C:\ST\STM32CubeIDE_1.19.0\STM32CubeIDE\plugins\com.st.stm32cube.common.mx_6.15.0.202507011659\\db\/plugins/boardmanager/
2025-11-14 21:06:45,397 [INFO] ApiDb:261 - Set plugin images path to: C:\ST\STM32CubeIDE_1.19.0\STM32CubeIDE\plugins\com.st.stm32cube.common.mx_6.15.0.202507011659\\db\/plugins/mcufinder/images/
2025-11-14 21:06:45,397 [WARN] DbFile:41 - Overriding database path with different value: C:\Users\KICHU\.stmcufinder\plugins\mcufinder/ => C:\Users\KICHU\.stmcufinder\plugins\mcufinder
2025-11-14 21:06:45,397 [INFO] ApiDb:250 - Set database path to: C:\Users\KICHU\.stmcufinder\plugins\mcufinder//mcu/
2025-11-14 21:06:45,397 [WARN] DbFile:41 - Overriding database path with different value: C:\Users\KICHU\.stmcufinder\plugins\mcufinder/ => C:\Users\KICHU\.stmcufinder\plugins\mcufinder
2025-11-14 21:06:45,397 [INFO] DbMcusAds:125 - Set database path to: C:\Users\KICHU\.stmcufinder\plugins\mcufinder//mcu/
2025-11-14 21:06:45,397 [WARN] DbFile:41 - Overriding database path with different value: C:\Users\KICHU\.stmcufinder\plugins\mcufinder/ => C:\Users\KICHU\.stmcufinder\plugins\mcufinder
2025-11-14 21:06:45,397 [WARN] DbFile:41 - Overriding database path with different value: C:\Users\KICHU\.stmcufinder\plugins\mcufinder/ => C:\Users\KICHU\.stmcufinder\plugins\mcufinder
2025-11-14 21:06:45,398 [INFO] CrossReferenceDbSqlite:203 - Set database path to: C:\Users\KICHU\.stmcufinder\plugins\mcufinder//mcu/cs/
2025-11-14 21:06:45,466 [INFO] MainPanel:274 - HeapMemory: 268435456
2025-11-14 21:06:45,572 [INFO] DbMcusXml:78 - Set database path to: C:\ST\STM32CubeIDE_1.19.0\STM32CubeIDE\plugins\com.st.stm32cube.common.mx_6.15.0.202507011659\\db\/mcu/
2025-11-14 21:06:45,573 [INFO] ApiDb:274 - Set plugin database path to: C:\ST\STM32CubeIDE_1.19.0\STM32CubeIDE\plugins\com.st.stm32cube.common.mx_6.15.0.202507011659\\db\/plugins/boardmanager/
2025-11-14 21:06:45,573 [INFO] ApiDb:261 - Set plugin images path to: C:\ST\STM32CubeIDE_1.19.0\STM32CubeIDE\plugins\com.st.stm32cube.common.mx_6.15.0.202507011659\\db\/plugins/mcufinder/images/
2025-11-14 21:06:45,573 [WARN] DbFile:41 - Overriding database path with different value: C:\Users\KICHU\.stmcufinder\plugins\mcufinder/ => C:\Users\KICHU\.stmcufinder\plugins\mcufinder
2025-11-14 21:06:45,573 [INFO] ApiDb:250 - Set database path to: C:\Users\KICHU\.stmcufinder\plugins\mcufinder//mcu/
2025-11-14 21:06:45,573 [WARN] DbFile:41 - Overriding database path with different value: C:\Users\KICHU\.stmcufinder\plugins\mcufinder/ => C:\Users\KICHU\.stmcufinder\plugins\mcufinder
2025-11-14 21:06:45,573 [INFO] DbMcusAds:125 - Set database path to: C:\Users\KICHU\.stmcufinder\plugins\mcufinder//mcu/
2025-11-14 21:06:45,573 [WARN] DbFile:41 - Overriding database path with different value: C:\Users\KICHU\.stmcufinder\plugins\mcufinder/ => C:\Users\KICHU\.stmcufinder\plugins\mcufinder
2025-11-14 21:06:45,573 [WARN] DbFile:41 - Overriding database path with different value: C:\Users\KICHU\.stmcufinder\plugins\mcufinder/ => C:\Users\KICHU\.stmcufinder\plugins\mcufinder
2025-11-14 21:06:45,574 [INFO] CrossReferenceDbSqlite:203 - Set database path to: C:\Users\KICHU\.stmcufinder\plugins\mcufinder//mcu/cs/
2025-11-14 21:06:45,594 [INFO] ApplicationProperties:184 - Using Application install path: C:\ST\STM32CubeIDE_1.19.0\STM32CubeIDE\plugins\com.st.stm32cube.common.mx_6.15.0.202507011659
2025-11-14 21:06:45,596 [INFO] PluginManage:196 - Search for loadable plugins [exclusion list=, ]
2025-11-14 21:06:45,597 [INFO] PluginManage:310 - Check plugin analytics
2025-11-14 21:06:45,785 [INFO] AnalyticsPlugin:253 - Accepted Software Licenses: 
2025-11-14 21:06:45,785 [INFO] AnalyticsPlugin:255 - Accepted CMSIS Pack Licenses: 
2025-11-14 21:06:45,786 [INFO] AnalyticsPlugin:257 - Accepted Firmware Licenses: 
2025-11-14 21:06:45,788 [INFO] PluginManage:359 - Loaded plugin analytics (category:tool,tabindex:-1)
2025-11-14 21:06:45,788 [INFO] PluginManage:310 - Check plugin cadmodel
2025-11-14 21:06:45,792 [INFO] CADModel:105 - Init CAD model plugin
2025-11-14 21:06:45,792 [INFO] PluginManage:359 - Loaded plugin cadmodel (category:power,tabindex:5)
2025-11-14 21:06:45,792 [INFO] PluginManage:310 - Check plugin clock
2025-11-14 21:06:45,801 [INFO] PluginManage:359 - Loaded plugin clock (category:base,tabindex:2)
2025-11-14 21:06:45,801 [INFO] PluginManage:310 - Check plugin ddr
2025-11-14 21:06:45,803 [INFO] PluginManage:359 - Loaded plugin ddr (category:tool,tabindex:6)
2025-11-14 21:06:45,803 [INFO] PluginManage:310 - Check plugin filemanager
2025-11-14 21:06:45,944 [INFO] PluginManage:359 - Loaded plugin filemanager (category:base,tabindex:10)
2025-11-14 21:06:45,944 [INFO] PluginManage:310 - Check plugin ipmanager
2025-11-14 21:06:45,950 [INFO] PluginManage:359 - Loaded plugin ipmanager (category:base,tabindex:5)
2025-11-14 21:06:45,950 [INFO] PluginManage:310 - Check plugin lpbam
2025-11-14 21:06:45,957 [INFO] PluginManage:359 - Loaded plugin lpbam (category:base,tabindex:0)
2025-11-14 21:06:45,957 [INFO] PluginManage:310 - Check plugin memorymap
2025-11-14 21:06:45,970 [INFO] PluginManage:359 - Loaded plugin memorymap (category:base,tabindex:4)
2025-11-14 21:06:45,970 [INFO] PluginManage:310 - Check plugin pinoutandconfiguration
2025-11-14 21:06:45,977 [INFO] PluginManage:359 - Loaded plugin pinoutandconfiguration (category:base,tabindex:1)
2025-11-14 21:06:45,977 [INFO] PluginManage:310 - Check plugin pinoutconfig
2025-11-14 21:06:46,055 [WARN] SupportedApi:132 - Cannot load RTOS API schema: s4s-elt-must-match.1: The content of 'definitions' must match (annotation?, (simpleType | complexType)?, (unique | key | keyref)*)). A problem was found starting at: attribute.
2025-11-14 21:06:46,156 [INFO] PluginManage:359 - Loaded plugin pinoutconfig (category:base,tabindex:0)
2025-11-14 21:06:46,156 [INFO] PluginManage:310 - Check plugin power
2025-11-14 21:06:46,163 [INFO] PluginManage:359 - Loaded plugin power (category:power,tabindex:4)
2025-11-14 21:06:46,163 [INFO] PluginManage:310 - Check plugin projectmanager
2025-11-14 21:06:46,177 [INFO] PluginManage:359 - Loaded plugin projectmanager (category:projectmanager,tabindex:4)
2025-11-14 21:06:46,177 [INFO] PluginManage:310 - Check plugin rif
2025-11-14 21:06:46,185 [INFO] PluginManage:359 - Loaded plugin rif (category:base,tabindex:3)
2025-11-14 21:06:46,185 [INFO] PluginManage:310 - Check plugin thirdparty
2025-11-14 21:06:46,304 [INFO] PluginManage:359 - Loaded plugin thirdparty (category:base,tabindex:-1)
2025-11-14 21:06:46,305 [INFO] PluginManage:310 - Check plugin tools
2025-11-14 21:06:46,304 [WARN] IntegrityCheckThread:84 - waiting for thirdparty lock release [integrity check]
2025-11-14 21:06:46,305 [INFO] IntegrityCheckThread:86 - entering critical section [integrity check]
2025-11-14 21:06:46,305 [INFO] ThirdPartyUpdaterWithRetryManager:70 - Updater plugin not ready yet. [1/15]
2025-11-14 21:06:46,307 [INFO] PluginManage:359 - Loaded plugin tools (category:base,tabindex:7)
2025-11-14 21:06:46,308 [INFO] PluginManage:310 - Check plugin tutovideos
2025-11-14 21:06:46,473 [INFO] PluginManage:359 - Loaded plugin tutovideos (category:base,tabindex:-1)
2025-11-14 21:06:46,473 [INFO] PluginManage:310 - Check plugin updater
2025-11-14 21:06:46,491 [INFO] PluginManage:359 - Loaded plugin updater (category:base,tabindex:12)
2025-11-14 21:06:46,492 [INFO] PluginManage:310 - Check plugin userauth
2025-11-14 21:06:46,495 [INFO] UserAuth:118 - Init User Auth plugin
2025-11-14 21:06:46,496 [INFO] PluginManage:359 - Loaded plugin userauth (category:base,tabindex:14)
2025-11-14 21:06:46,497 [INFO] PluginManage:283 - PluginManage : Loaded plugins [18]
2025-11-14 21:06:46,692 [INFO] PinOutPanel:1589 - setPackage(No Configuration,No Configuration)
2025-11-14 21:06:46,763 [INFO] CADModel:165 - CPN selected for project level
2025-11-14 21:06:46,763 [INFO] CADModel:114 - Register for checkConnection events
2025-11-14 21:06:46,781 [INFO] IPUIPlugin:80 - create IPUIPlugin
2025-11-14 21:06:46,781 [INFO] PluginManager:220 - loadIPPluginJar : add adc
2025-11-14 21:06:46,784 [INFO] IPUIPlugin:80 - create IPUIPlugin
2025-11-14 21:06:46,784 [INFO] PluginManager:220 - loadIPPluginJar : add aes
2025-11-14 21:06:46,787 [INFO] IPUIPlugin:80 - create IPUIPlugin
2025-11-14 21:06:46,788 [INFO] PluginManager:220 - loadIPPluginJar : add can
2025-11-14 21:06:46,789 [INFO] IPUIPlugin:80 - create IPUIPlugin
2025-11-14 21:06:46,790 [INFO] PluginManager:220 - loadIPPluginJar : add comp
2025-11-14 21:06:46,792 [INFO] IPUIPlugin:80 - create IPUIPlugin
2025-11-14 21:06:46,792 [INFO] PluginManager:220 - loadIPPluginJar : add cryp
2025-11-14 21:06:46,794 [INFO] IPUIPlugin:80 - create IPUIPlugin
2025-11-14 21:06:46,794 [INFO] PluginManager:220 - loadIPPluginJar : add ddr_ctrl_phy
2025-11-14 21:06:46,796 [INFO] IPUIPlugin:80 - create IPUIPlugin
2025-11-14 21:06:46,797 [INFO] PluginManager:220 - loadIPPluginJar : add dfsdm
2025-11-14 21:06:46,802 [INFO] IPUIPlugin:80 - create IPUIPlugin
2025-11-14 21:06:46,802 [INFO] PluginManager:220 - loadIPPluginJar : add dma
2025-11-14 21:06:46,804 [INFO] IPUIPlugin:80 - create IPUIPlugin
2025-11-14 21:06:46,804 [INFO] PluginManager:220 - loadIPPluginJar : add dma3
2025-11-14 21:06:46,807 [INFO] IPUIPlugin:80 - create IPUIPlugin
2025-11-14 21:06:46,807 [INFO] PluginManager:220 - loadIPPluginJar : add extmemmanager
2025-11-14 21:06:46,808 [INFO] IPUIPlugin:80 - create IPUIPlugin
2025-11-14 21:06:46,808 [INFO] PluginManager:220 - loadIPPluginJar : add fatfs
2025-11-14 21:06:46,811 [INFO] IPUIPlugin:80 - create IPUIPlugin
2025-11-14 21:06:46,812 [INFO] PluginManager:220 - loadIPPluginJar : add fmc
2025-11-14 21:06:46,816 [INFO] IPUIPlugin:80 - create IPUIPlugin
2025-11-14 21:06:46,817 [INFO] PluginManager:220 - loadIPPluginJar : add freertos
2025-11-14 21:06:46,818 [INFO] IPUIPlugin:80 - create IPUIPlugin
2025-11-14 21:06:46,818 [INFO] PluginManager:220 - loadIPPluginJar : add genericplugin
2025-11-14 21:06:46,820 [INFO] IPUIPlugin:80 - create IPUIPlugin
2025-11-14 21:06:46,820 [INFO] PluginManager:220 - loadIPPluginJar : add gfxmmu
2025-11-14 21:06:46,824 [INFO] IPUIPlugin:80 - create IPUIPlugin
2025-11-14 21:06:46,824 [INFO] PluginManager:220 - loadIPPluginJar : add gic
2025-11-14 21:06:46,827 [INFO] IPUIPlugin:80 - create IPUIPlugin
2025-11-14 21:06:46,828 [INFO] PluginManager:220 - loadIPPluginJar : add gpio
2025-11-14 21:06:46,830 [INFO] IPUIPlugin:80 - create IPUIPlugin
2025-11-14 21:06:46,830 [INFO] PluginManager:220 - loadIPPluginJar : add gtzc
2025-11-14 21:06:46,832 [INFO] IPUIPlugin:80 - create IPUIPlugin
2025-11-14 21:06:46,833 [INFO] PluginManager:220 - loadIPPluginJar : add hash
2025-11-14 21:06:46,835 [INFO] IPUIPlugin:80 - create IPUIPlugin
2025-11-14 21:06:46,835 [INFO] PluginManager:220 - loadIPPluginJar : add i2c
2025-11-14 21:06:46,838 [INFO] IPUIPlugin:80 - create IPUIPlugin
2025-11-14 21:06:46,838 [INFO] PluginManager:220 - loadIPPluginJar : add i2s
2025-11-14 21:06:46,840 [INFO] IPUIPlugin:80 - create IPUIPlugin
2025-11-14 21:06:46,840 [INFO] PluginManager:220 - loadIPPluginJar : add i3c
2025-11-14 21:06:46,843 [INFO] IPUIPlugin:80 - create IPUIPlugin
2025-11-14 21:06:46,843 [INFO] PluginManager:220 - loadIPPluginJar : add ipddr
2025-11-14 21:06:46,850 [INFO] IPUIPlugin:80 - create IPUIPlugin
2025-11-14 21:06:46,850 [INFO] PluginManager:220 - loadIPPluginJar : add linkedlist
2025-11-14 21:06:46,853 [INFO] IPUIPlugin:80 - create IPUIPlugin
2025-11-14 21:06:46,853 [INFO] PluginManager:220 - loadIPPluginJar : add lorawan
2025-11-14 21:06:46,854 [INFO] IPUIPlugin:80 - create IPUIPlugin
2025-11-14 21:06:46,854 [INFO] PluginManager:220 - loadIPPluginJar : add ltdc
2025-11-14 21:06:46,860 [INFO] IPUIPlugin:80 - create IPUIPlugin
2025-11-14 21:06:46,860 [INFO] PluginManager:220 - loadIPPluginJar : add mdma
2025-11-14 21:06:46,864 [INFO] IPUIPlugin:80 - create IPUIPlugin
2025-11-14 21:06:46,864 [INFO] PluginManager:220 - loadIPPluginJar : add nvic
2025-11-14 21:06:46,868 [INFO] IPUIPlugin:80 - create IPUIPlugin
2025-11-14 21:06:46,868 [INFO] PluginManager:220 - loadIPPluginJar : add opamp
2025-11-14 21:06:46,871 [INFO] IPUIPlugin:80 - create IPUIPlugin
2025-11-14 21:06:46,872 [INFO] PluginManager:220 - loadIPPluginJar : add openamp
2025-11-14 21:06:46,876 [INFO] IPUIPlugin:80 - create IPUIPlugin
2025-11-14 21:06:46,876 [INFO] PluginManager:220 - loadIPPluginJar : add pdm2pcm
2025-11-14 21:06:46,883 [INFO] IPUIPlugin:80 - create IPUIPlugin
2025-11-14 21:06:46,885 [INFO] PluginManager:220 - loadIPPluginJar : add plateformsettings
2025-11-14 21:06:46,887 [INFO] IPUIPlugin:80 - create IPUIPlugin
2025-11-14 21:06:46,887 [INFO] PluginManager:220 - loadIPPluginJar : add quadspi
2025-11-14 21:06:46,889 [INFO] IPUIPlugin:80 - create IPUIPlugin
2025-11-14 21:06:46,890 [INFO] PluginManager:220 - loadIPPluginJar : add radio
2025-11-14 21:06:46,892 [INFO] IPUIPlugin:80 - create IPUIPlugin
2025-11-14 21:06:46,892 [INFO] PluginManager:220 - loadIPPluginJar : add resmgrutility
2025-11-14 21:06:46,895 [INFO] IPUIPlugin:80 - create IPUIPlugin
2025-11-14 21:06:46,896 [INFO] PluginManager:220 - loadIPPluginJar : add sai
2025-11-14 21:06:46,898 [INFO] IPUIPlugin:80 - create IPUIPlugin
2025-11-14 21:06:46,898 [INFO] PluginManager:220 - loadIPPluginJar : add spi
2025-11-14 21:06:46,906 [INFO] IPUIPlugin:80 - create IPUIPlugin
2025-11-14 21:06:46,906 [INFO] PluginManager:220 - loadIPPluginJar : add stm32_wpan
2025-11-14 21:06:46,908 [INFO] IPUIPlugin:80 - create IPUIPlugin
2025-11-14 21:06:46,908 [INFO] PluginManager:220 - loadIPPluginJar : add tim
2025-11-14 21:06:46,911 [INFO] IPUIPlugin:80 - create IPUIPlugin
2025-11-14 21:06:46,912 [INFO] PluginManager:220 - loadIPPluginJar : add touchsensing
2025-11-14 21:06:46,914 [INFO] IPUIPlugin:80 - create IPUIPlugin
2025-11-14 21:06:46,914 [INFO] PluginManager:220 - loadIPPluginJar : add tracer_emb
2025-11-14 21:06:46,916 [INFO] IPUIPlugin:80 - create IPUIPlugin
2025-11-14 21:06:46,917 [INFO] PluginManager:220 - loadIPPluginJar : add ts
2025-11-14 21:06:46,918 [INFO] IPUIPlugin:80 - create IPUIPlugin
2025-11-14 21:06:46,919 [INFO] PluginManager:220 - loadIPPluginJar : add tsc
2025-11-14 21:06:46,921 [INFO] IPUIPlugin:80 - create IPUIPlugin
2025-11-14 21:06:46,921 [INFO] PluginManager:220 - loadIPPluginJar : add ucpd
2025-11-14 21:06:46,924 [INFO] IPUIPlugin:80 - create IPUIPlugin
2025-11-14 21:06:46,924 [INFO] PluginManager:220 - loadIPPluginJar : add usart
2025-11-14 21:06:46,927 [INFO] IPUIPlugin:80 - create IPUIPlugin
2025-11-14 21:06:46,928 [INFO] PluginManager:220 - loadIPPluginJar : add usbx
2025-11-14 21:06:47,052 [FATAL] Updater:351 - Updater called before beeing initialized
2025-11-14 21:06:47,128 [INFO] RulesReader:64 - Compatibility file has been processed (317 Rules)
2025-11-14 21:06:47,148 [INFO] RulesReader:64 - Compatibility file has been processed (317 Rules)
2025-11-14 21:06:47,156 [INFO] CADModel:165 - CPN selected for project level
2025-11-14 21:06:47,156 [INFO] CADModel:114 - Register for checkConnection events
2025-11-14 21:06:47,156 [FATAL] Updater:351 - Updater called before beeing initialized
2025-11-14 21:06:47,157 [ERROR] CADModel:125 - Updater not yet initialized, retry later 
2025-11-14 21:06:47,286 [FATAL] Updater:351 - Updater called before beeing initialized
2025-11-14 21:06:47,287 [INFO] CADModel:165 - CPN selected for project level
2025-11-14 21:06:47,287 [INFO] CADModel:114 - Register for checkConnection events
2025-11-14 21:06:47,287 [FATAL] Updater:351 - Updater called before beeing initialized
2025-11-14 21:06:47,287 [ERROR] CADModel:125 - Updater not yet initialized, retry later 
2025-11-14 21:06:47,290 [FATAL] Updater:351 - Updater called before beeing initialized
2025-11-14 21:06:47,365 [FATAL] Updater:351 - Updater called before beeing initialized
2025-11-14 21:06:47,368 [INFO] DbMcusAds:53 - JSON generation date=Mon Nov 10 16:13:01 IST 2025 (1762771381096)
2025-11-14 21:06:47,369 [FATAL] Updater:351 - Updater called before beeing initialized
2025-11-14 21:06:47,399 [WARN] DetailPanel:346 - Failed to get advertising image, set to default
2025-11-14 21:06:47,476 [FATAL] Updater:351 - Updater called before beeing initialized
2025-11-14 21:06:47,478 [FATAL] Updater:351 - Updater called before beeing initialized
2025-11-14 21:06:47,478 [FATAL] Updater:351 - Updater called before beeing initialized
2025-11-14 21:06:47,478 [WARN] DetailPanel:346 - Failed to get advertising image, set to default
2025-11-14 21:06:47,479 [FATAL] Updater:351 - Updater called before beeing initialized
2025-11-14 21:06:47,525 [ERROR] Updater:1198 - MainUpdater not yet initialized. External WinMGr cannot be set.
2025-11-14 21:06:47,526 [INFO] Updater:1134 - Updater Version found : 6.15.0
2025-11-14 21:06:47,538 [INFO] ApplicationProperties:184 - Using Application install path: C:\ST\STM32CubeIDE_1.19.0\STM32CubeIDE\plugins\com.st.stm32cube.common.mx_6.15.0.202507011659
2025-11-14 21:06:49,110 [ERROR] LogOutputStream:75 - [STDERR_REDIRECT] Nov 14, 2025 9:06:49 PM java.util.prefs.WindowsPreferences <init>
2025-11-14 21:06:49,112 [ERROR] LogOutputStream:75 - [STDERR_REDIRECT] WARNING: Could not open/create prefs root node Software\JavaSoft\Prefs at root 0xffffffff80000002. Windows RegCreateKeyEx(...) returned error code 5.
2025-11-14 21:06:49,113 [ERROR] LogOutputStream:75 - [STDERR_REDIRECT] 
2025-11-14 21:06:49,306 [INFO] ThirdPartyUpdaterWithRetryManager:70 - Updater plugin not ready yet. [2/15]
2025-11-14 21:06:49,469 [INFO] MainUpdater:2872 - connection check result : 10
2025-11-14 21:06:49,470 [INFO] MainUpdater:289 - Updater Check For Update Now.
2025-11-14 21:06:49,471 [INFO] MicroXplorer:498 - Change Database Version : DB.6.0.150
2025-11-14 21:06:49,482 [INFO] McuFinderGlobals:63 - Set McuFinder mode to 2 (CubeIDE integrated)
2025-11-14 21:06:49,482 [INFO] UserAuth:171 - activating auth plugin
2025-11-14 21:06:49,487 [INFO] UserAuth:487 - Internet connection configuration mode: 1
2025-11-14 21:06:49,512 [INFO] JxBrowserEngine:152 - Initiate JxBrowser Engine with user profile folder
2025-11-14 21:06:49,673 [INFO] CheckServerUpdateThread:120 - End of CheckServer Thread
2025-11-14 21:06:50,000 [INFO] WebApp:169 - Instantiating new browser for Auth
2025-11-14 21:06:50,605 [INFO] WebApp:463 - Apply proxy settings
2025-11-14 21:06:50,606 [INFO] WebApp:548 - Chromium requires no authentication
2025-11-14 21:06:50,616 [INFO] WebApp:491 - Direct internet connection detected
2025-11-14 21:06:50,644 [INFO] WebApp:900 - Register for checkConnection events
2025-11-14 21:06:50,645 [INFO] WebApp:463 - Apply proxy settings
2025-11-14 21:06:50,645 [INFO] WebApp:548 - Chromium requires no authentication
2025-11-14 21:06:50,645 [INFO] WebApp:491 - Direct internet connection detected
2025-11-14 21:06:50,775 [INFO] WebApp:225 - Starting web application
2025-11-14 21:06:50,775 [INFO] WebApp:593 - Web application path used C:\ST\STM32CubeIDE_1.19.0\STM32CubeIDE\plugins\com.st.stm32cube.common.mx_6.15.0.202507011659\db\plugins\mcufinder\reactClient1\index.html
2025-11-14 21:06:50,980 [INFO] WebApp:191 - Connection restablished
2025-11-14 21:06:52,529 [WARN] PackLoader:240 - Cannot read IP mode file for STMicroelectronics.FP-SNS-MOTENVWB1.1.4.0
2025-11-14 21:06:52,539 [WARN] PackLoader:240 - Cannot read IP mode file for STMicroelectronics.FP-ATR-ASTRA1.2.0.2
2025-11-14 21:06:52,550 [WARN] PackLoader:240 - Cannot read IP mode file for STMicroelectronics.X-CUBE-SMBUS.2.1.0
2025-11-14 21:06:52,557 [WARN] PackLoader:240 - Cannot read IP mode file for STMicroelectronics.X-CUBE-ST60.1.0.0
2025-11-14 21:06:52,615 [WARN] PackLoader:240 - Cannot read IP mode file for STMicroelectronics.X-CUBE-AZRTOS-F7.1.1.0
2025-11-14 21:06:52,626 [WARN] PackLoader:240 - Cannot read IP mode file for Cesanta.I-CUBE-Mongoose.7.19.0
2025-11-14 21:06:52,632 [WARN] PackLoader:240 - Cannot read IP mode file for STMicroelectronics.FP-SNS-MOTENV1.5.1.0
2025-11-14 21:06:52,648 [WARN] PackLoader:240 - Cannot read IP mode file for WES.I-CUBE-Cesium.1.4.0
2025-11-14 21:06:52,688 [WARN] PackLoader:240 - Cannot read IP mode file for Infineon.AIROC-Wi-Fi-Bluetooth-STM32.1.7.1
2025-11-14 21:06:52,705 [WARN] PackLoader:240 - Cannot read IP mode file for STMicroelectronics.X-CUBE-DISPLAY.3.0.0
2025-11-14 21:06:52,724 [WARN] PackLoader:240 - Cannot read IP mode file for STMicroelectronics.X-CUBE-NFC10.1.0.0
2025-11-14 21:06:52,733 [WARN] PackLoader:240 - Cannot read IP mode file for STMicroelectronics.X-CUBE-ST60.1.1.0
2025-11-14 21:06:52,741 [WARN] PackLoader:240 - Cannot read IP mode file for emotas.I-CUBE-CANOPEN.1.3.0
2025-11-14 21:06:52,749 [WARN] PackLoader:240 - Cannot read IP mode file for STMicroelectronics.X-CUBE-GNSS1.7.1.0
2025-11-14 21:06:52,757 [WARN] PackLoader:240 - Cannot read IP mode file for STMicroelectronics.FP-SNS-SMARTAG2.1.2.0
2025-11-14 21:06:52,763 [WARN] PackLoader:240 - Cannot read IP mode file for STMicroelectronics.FP-SNS-FLIGHT1.5.1.0
2025-11-14 21:06:52,775 [INFO] LogOutputStream:77 - [STDOUT_REDIRECT] 1 : Invalid condition id : UX_CORESTACK_Condition cause : null
2025-11-14 21:06:52,776 [INFO] LogOutputStream:77 - [STDOUT_REDIRECT] 1 : Invalid condition id : UX_CORESTACK_Condition cause : null
2025-11-14 21:06:52,778 [INFO] LogOutputStream:77 - [STDOUT_REDIRECT] 1 : Invalid condition id : UX_CORESTACK_Condition cause : null
2025-11-14 21:06:52,780 [INFO] LogOutputStream:77 - [STDOUT_REDIRECT] 1 : Invalid condition id : UX_CORESTACK_Condition cause : null
2025-11-14 21:06:52,781 [INFO] LogOutputStream:77 - [STDOUT_REDIRECT] 1 : Invalid condition id : UX_CORESTACK_Condition cause : null
2025-11-14 21:06:52,785 [WARN] PackLoader:240 - Cannot read IP mode file for STMicroelectronics.X-CUBE-AZRTOS-WL.2.0.0
2025-11-14 21:06:52,792 [WARN] PackLoader:240 - Cannot read IP mode file for STMicroelectronics.FP-SNS-MOTENV1.5.0.0
2025-11-14 21:06:52,800 [WARN] PackLoader:240 - Cannot read IP mode file for STMicroelectronics.X-CUBE-BLE2.3.3.0
2025-11-14 21:06:52,827 [WARN] PackLoader:240 - Cannot read IP mode file for STMicroelectronics.X-CUBE-NFC9.1.0.0
2025-11-14 21:06:52,835 [WARN] PackLoader:240 - Cannot read IP mode file for STMicroelectronics.X-CUBE-BLE1.7.1.0
2025-11-14 21:06:52,841 [WARN] PackLoader:240 - Cannot read IP mode file for STMicroelectronics.X-CUBE-ST67W61.1.1.0
2025-11-14 21:06:52,859 [WARN] PackLoader:240 - Cannot read IP mode file for STMicroelectronics.X-CUBE-AZRTOS-G0.1.1.0
2025-11-14 21:06:52,869 [WARN] PackLoader:240 - Cannot read IP mode file for STMicroelectronics.X-CUBE-SAFEA1.1.2.2
2025-11-14 21:06:52,877 [WARN] PackLoader:240 - Cannot read IP mode file for STMicroelectronics.X-CUBE-NFC4.3.0.0
2025-11-14 21:06:52,887 [WARN] PackLoader:240 - Cannot read IP mode file for EmbeddedOffice.I-CUBE-FS-RTOS.1.0.1
2025-11-14 21:06:52,894 [WARN] PackLoader:240 - Cannot read IP mode file for STMicroelectronics.X-CUBE-WB05N.2.0.0
2025-11-14 21:06:52,902 [WARN] PackLoader:240 - Cannot read IP mode file for STMicroelectronics.X-CUBE-TCPP.4.2.0
2025-11-14 21:06:52,911 [WARN] PackLoader:240 - Cannot read IP mode file for RealThread.X-CUBE-RT-Thread_Nano.4.1.1
2025-11-14 21:06:52,916 [WARN] PackLoader:240 - Cannot read IP mode file for STMicroelectronics.FP-ATR-SIGFOX1.3.2.0
2025-11-14 21:06:52,923 [WARN] PackLoader:240 - Cannot read IP mode file for ITTIA_DB.I-CUBE-ITTIADB.8.9.0
2025-11-14 21:06:52,931 [WARN] PackLoader:240 - Cannot read IP mode file for STMicroelectronics.X-CUBE-ST67W61.1.0.0
2025-11-14 21:06:52,966 [WARN] PackLoader:240 - Cannot read IP mode file for SEGGER.I-CUBE-embOS.1.3.1
2025-11-14 21:06:53,156 [WARN] PackLoader:240 - Cannot read IP mode file for STMicroelectronics.X-CUBE-ALGOBUILD.1.4.0
2025-11-14 21:06:53,242 [WARN] PackLoader:240 - Cannot read IP mode file for STMicroelectronics.X-CUBE-MEMS1.11.3.0
2025-11-14 21:06:53,444 [WARN] PackLoader:240 - Cannot read IP mode file for STMicroelectronics.X-CUBE-PM33A1.1.0.0
2025-11-14 21:06:53,466 [WARN] PackLoader:240 - Cannot read IP mode file for STMicroelectronics.X-CUBE-AZRTOS-F4.1.1.0
2025-11-14 21:06:53,475 [WARN] PackLoader:240 - Cannot read IP mode file for STMicroelectronics.X-CUBE-ISPU.2.1.0
2025-11-14 21:06:53,495 [WARN] PackLoader:240 - Cannot read IP mode file for STMicroelectronics.X-CUBE-IPS.3.2.0
2025-11-14 21:06:53,545 [WARN] PackLoader:240 - Cannot read IP mode file for STMicroelectronics.X-CUBE-AZRTOS-L5.2.0.0
2025-11-14 21:06:53,568 [WARN] PackLoader:240 - Cannot read IP mode file for STMicroelectronics.X-CUBE-NFC6.3.1.0
2025-11-14 21:06:53,598 [WARN] PackLoader:240 - Cannot read IP mode file for STMicroelectronics.X-CUBE-FREERTOS.1.3.1
2025-11-14 21:06:53,612 [WARN] PackLoader:240 - Cannot read IP mode file for STMicroelectronics.X-CUBE-TOUCHGFX.4.26.0
2025-11-14 21:06:53,625 [WARN] PackLoader:240 - Cannot read IP mode file for STMicroelectronics.X-CUBE-DPower.1.3.0
2025-11-14 21:06:53,665 [WARN] ConditionMgr:438 - getConditionDescription Invalid condition id : LAN8742 Phy interface Condition cause : null
2025-11-14 21:06:53,666 [WARN] PackLoader:240 - Cannot read IP mode file for STMicroelectronics.X-CUBE-AZRTOS-L4.2.0.0
2025-11-14 21:06:53,668 [WARN] ConditionMgr:1044 - genDependencies : Invalid condition id : LAN8742 Phy interface Condition cause : null
2025-11-14 21:06:53,668 [WARN] ConditionMgr:1044 - genDependencies : Invalid condition id : LAN8742 Phy interface Condition cause : null
2025-11-14 21:06:53,669 [WARN] ConditionMgr:1044 - genDependencies : Invalid condition id : LAN8742 Phy interface Condition cause : null
2025-11-14 21:06:53,684 [WARN] PackLoader:240 - Cannot read IP mode file for STMicroelectronics.X-CUBE-SFXS2LP1.4.0.0
2025-11-14 21:06:53,706 [WARN] ConditionMgr:438 - getConditionDescription Invalid condition id : UX DEVICE CLASS RTOS Condition cause : null
2025-11-14 21:06:53,707 [WARN] ConditionMgr:438 - getConditionDescription Invalid condition id : UX DEVICE CLASS RTOS Condition cause : null
2025-11-14 21:06:53,710 [WARN] PackLoader:240 - Cannot read IP mode file for STMicroelectronics.X-CUBE-AZRTOS-WB.2.0.0
2025-11-14 21:06:53,711 [WARN] ConditionMgr:1044 - genDependencies : Invalid condition id : UX DEVICE CLASS RTOS Condition cause : null
2025-11-14 21:06:53,711 [WARN] ConditionMgr:1044 - genDependencies : Invalid condition id : UX DEVICE CLASS RTOS Condition cause : null
2025-11-14 21:06:53,712 [WARN] ConditionMgr:1044 - genDependencies : Invalid condition id : UX DEVICE CLASS RTOS Condition cause : null
2025-11-14 21:06:53,712 [WARN] ConditionMgr:1044 - genDependencies : Invalid condition id : UX DEVICE CLASS RTOS Condition cause : null
2025-11-14 21:06:53,713 [WARN] ConditionMgr:1044 - genDependencies : Invalid condition id : UX DEVICE CLASS RTOS Condition cause : null
2025-11-14 21:06:53,723 [WARN] PackLoader:240 - Cannot read IP mode file for STMicroelectronics.X-CUBE-GNSS1.7.0.1
2025-11-14 21:06:53,728 [WARN] PackLoader:240 - Cannot read IP mode file for STMicroelectronics.X-CUBE-TOUCHGFX.4.25.0
2025-11-14 21:06:53,736 [WARN] ConditionMgr:438 - getConditionDescription Invalid condition id : Cortex-A Device cause : null
2025-11-14 21:06:53,768 [WARN] ConditionMgr:1044 - genDependencies : Invalid condition id : Cortex-A Device cause : null
2025-11-14 21:06:53,769 [WARN] ConditionMgr:1044 - genDependencies : Invalid condition id : Cortex-A Device cause : null
2025-11-14 21:06:53,769 [WARN] ConditionMgr:1044 - genDependencies : Invalid condition id : Cortex-A Device cause : null
2025-11-14 21:06:53,789 [WARN] PackLoader:240 - Cannot read IP mode file for STMicroelectronics.X-CUBE-SUBG2.5.0.0
2025-11-14 21:06:53,840 [WARN] PackLoader:240 - Cannot read IP mode file for STMicroelectronics.X-CUBE-AZRTOS-H7RS.1.1.0
2025-11-14 21:06:53,899 [WARN] PackLoader:240 - Cannot read IP mode file for STMicroelectronics.X-CUBE-AZRTOS-G4.2.0.0
2025-11-14 21:06:53,918 [WARN] PackLoader:240 - Cannot read IP mode file for wolfSSL.I-CUBE-wolfSSH.1.4.20
2025-11-14 21:06:53,984 [WARN] PackLoader:240 - Cannot read IP mode file for STMicroelectronics.X-CUBE-NFC7.2.0.0
2025-11-14 21:06:54,014 [WARN] PackLoader:240 - Cannot read IP mode file for STMicroelectronics.X-CUBE-IPS.3.1.0
2025-11-14 21:06:54,036 [WARN] PackLoader:240 - Cannot read IP mode file for STMicroelectronics.X-CUBE-ALS.1.0.2
2025-11-14 21:06:54,070 [WARN] PackLoader:240 - Cannot read IP mode file for STMicroelectronics.X-CUBE-STSE01.1.0.0
2025-11-14 21:06:54,092 [WARN] PackLoader:240 - Cannot read IP mode file for STMicroelectronics.X-CUBE-TOF1.3.4.3
2025-11-14 21:06:54,123 [INFO] ThirdParty:978 - Integrity check success = true
2025-11-14 21:06:54,124 [INFO] IntegrityCheckThread:100 - exiting critical section [integrity check]
2025-11-14 21:06:54,124 [INFO] IntegrityCheckThread:103 - End integrity checks thread
2025-11-14 21:06:54,245 [ERROR] LogOutputStream:75 - [STDERR_REDIRECT] 
